localizacion,personas,nacionalidad,year,variacionAnual,población,porcentaje,
Ciutat Vella,57036,España,2016,-0.918961174,100070,57.00,
Eixample,215062,España,2016,-0.480793703,264305,81.37,
Sants-Montjuïc,147285,España,2016,-0.320792642,180977,81.38,
Les Corts,72580,España,2016,-0.287131297,81642,88.90,
Sarrià-Sant Gervasi,131487,España,2016,0.172939205,148026,88.83,
Gràcia,102325,España,2016,-0.392298108,120918,84.62,
Horta-Guinardó,147984,España,2016,-0.078325456,167268,88.47,
Nou Barris,140563,España,2016,-0.391170322,164881,85.25,
Sant Andreu,130022,España,2016,-0.386129966,146731,88.61,
Sant Martí,198293,España,2016,-0.275597085,233928,84.77,
Ciutat Vella,4774,Italia,2016,8.426073132,100070,4.77,
Eixample,6546,Italia,2016,7.78857237,264305,2.48,
Sants-Montjuïc,2786,Italia,2016,6.620742442,180977,1.54,
Les Corts,919,Italia,2016,4.908675799,81642,1.13,
Sarrià-Sant Gervasi,2224,Italia,2016,5.753685212,148026,1.50,
Gràcia,2944,Italia,2016,6.013683831,120918,2.43,
Horta-Guinardó,1598,Italia,2016,9.979353063,167268,0.96,
Nou Barris,718,Italia,2016,4.817518248,164881,0.44,
Sant Andreu,906,Italia,2016,5.471478463,146731,0.62,
Sant Martí,3578,Italia,2016,6.742243437,233928,1.53,
Ciutat Vella,2178,francia,2016,5.93385214,100070,2.18,
Eixample,3378,francia,2016,6.226415094,264305,1.28,
Sants-Montjuïc,1334,francia,2016,7.754442649,180977,0.74,
Les Corts,755,francia,2016,8.477011494,81642,0.92,
Sarrià-Sant Gervasi,1919,francia,2016,11.05324074,148026,1.30,
Gràcia,1416,francia,2016,6.867924528,120918,1.17,
Horta-Guinardó,626,francia,2016,4.857621441,167268,0.37,
Nou Barris,216,francia,2016,1.886792453,164881,0.13,
Sant Andreu,280,francia,2016,6.870229008,146731,0.19,
Sant Martí,1569,francia,2016,6.734693878,233928,0.67,
Ciutat Vella,1499,Reino Unido,2016,6.236711552,100070,1.50,
Eixample,1673,Reino Unido,2016,5.220125786,264305,0.63,
Sants-Montjuïc,663,Reino Unido,2016,6.935483871,180977,0.37,
Les Corts,212,Reino Unido,2016,10.9947644,81642,0.26,
Sarrià-Sant Gervasi,670,Reino Unido,2016,7.028753994,148026,0.45,
Gràcia,837,Reino Unido,2016,5.283018868,120918,0.69,
Horta-Guinardó,326,Reino Unido,2016,10.13513514,167268,0.19,
Nou Barris,89,Reino Unido,2016,2.298850575,164881,0.05,
Sant Andreu,148,Reino Unido,2016,8.823529412,146731,0.10,
Sant Martí,863,Reino Unido,2016,6.674907293,233928,0.37,
Ciutat Vella,2561,Marruecos,2016,-3.576807229,100070,2.56,
Eixample,1046,Marruecos,2016,-0.853080569,264305,0.40,
Sants-Montjuïc,1963,Marruecos,2016,-2.677243431,180977,1.08,
Les Corts,227,Marruecos,2016,2.714932127,81642,0.28,
Sarrià-Sant Gervasi,306,Marruecos,2016,-7.831325301,148026,0.21,
Gràcia,520,Marruecos,2016,-0.952380952,120918,0.43,
Horta-Guinardó,979,Marruecos,2016,-2.490039841,167268,0.59,
Nou Barris,1710,Marruecos,2016,-1.611047181,164881,1.04,
Sant Andreu,1271,Marruecos,2016,-1.549186677,146731,0.87,
Sant Martí,1969,Marruecos,2016,-0.404653515,233928,0.84,
Ciutat Vella,574,Bolivia,2016,-2.214650767,100070,0.57,
Eixample,1224,Bolivia,2016,-6.778370145,264305,0.46,
Sants-Montjuïc,1430,Bolivia,2016,-3.833221251,180977,0.79,
Les Corts,263,Bolivia,2016,-3.663003663,81642,0.32,
Sarrià-Sant Gervasi,384,Bolivia,2016,0,148026,0.26,
Gràcia,451,Bolivia,2016,-6.818181818,120918,0.37,
Horta-Guinardó,1117,Bolivia,2016,-4.202401372,167268,0.67,
Nou Barris,1804,Bolivia,2016,-3.27077748,164881,1.09,
Sant Andreu,889,Bolivia,2016,-5.826271186,146731,0.61,
Sant Martí,1144,Bolivia,2016,-1.718213058,233928,0.49,
Ciutat Vella,453,Ecuador,2016,-1.307189542,100070,0.45,
Eixample,959,Ecuador,2016,5.500550055,264305,0.36,
Sants-Montjuïc,1201,Ecuador,2016,-1.070840198,180977,0.66,
Les Corts,217,Ecuador,2016,4.830917874,81642,0.27,
Sarrià-Sant Gervasi,214,Ecuador,2016,15.05376344,148026,0.14,
Gràcia,325,Ecuador,2016,3.174603175,120918,0.27,
Horta-Guinardó,966,Ecuador,2016,-2.226720648,167268,0.58,
Nou Barris,1889,Ecuador,2016,-3.524004086,164881,1.15,
Sant Andreu,867,Ecuador,2016,-6.168831169,146731,0.59,
Sant Martí,1017,Ecuador,2016,-2.305475504,233928,0.43,
Ciutat Vella,336,Perú,2016,2.752293578,100070,0.34,
Eixample,1459,Perú,2016,-2.473262032,264305,0.55,
Sants-Montjuïc,1117,Perú,2016,-1.845342707,180977,0.62,
Les Corts,312,Perú,2016,-1.577287066,81642,0.38,
Sarrià-Sant Gervasi,359,Perú,2016,0.279329609,148026,0.24,
Gràcia,460,Perú,2016,3.139013453,120918,0.38,
Horta-Guinardó,951,Perú,2016,-2.461538462,167268,0.57,
Nou Barris,947,Perú,2016,-4.439959637,164881,0.57,
Sant Andreu,937,Perú,2016,-2.598752599,146731,0.64,
Sant Martí,1077,Perú,2016,-3.147482014,233928,0.46,
Ciutat Vella,668,Colombia,2016,7.568438003,100070,0.67,
Eixample,1679,Colombia,2016,-0.592066311,264305,0.64,
Sants-Montjuïc,1055,Colombia,2016,-0.471698113,180977,0.58,
Les Corts,368,Colombia,2016,5.747126437,81642,0.45,
Sarrià-Sant Gervasi,422,Colombia,2016,7.37913486,148026,0.29,
Gràcia,523,Colombia,2016,0.770712909,120918,0.43,
Horta-Guinardó,814,Colombia,2016,-3.668639053,167268,0.49,
Nou Barris,815,Colombia,2016,0.991325898,164881,0.49,
Sant Andreu,612,Colombia,2016,-0.649350649,146731,0.42,
Sant Martí,974,Colombia,2016,-4.039408867,233928,0.42,
Ciutat Vella,6469,Pakistán,2016,-4.333037563,100070,6.46,
Eixample,1122,Pakistán,2016,-1.405975395,264305,0.42,
Sants-Montjuïc,3284,Pakistán,2016,-3.297997644,180977,1.81,
Les Corts,171,Pakistán,2016,-7.065217391,81642,0.21,
Sarrià-Sant Gervasi,206,Pakistán,2016,-4.186046512,148026,0.14,
Gràcia,393,Pakistán,2016,-1.007556675,120918,0.33,
Horta-Guinardó,895,Pakistán,2016,1.473922902,167268,0.54,
Nou Barris,1877,Pakistán,2016,-1.106427819,164881,1.14,
Sant Andreu,1446,Pakistán,2016,-3.6,146731,0.99,
Sant Martí,3329,Pakistán,2016,-3.70263234,233928,1.42,
Ciutat Vella,876,China,2016,-1.46231721,100070,0.88,
Eixample,5492,China,2016,0.255567725,264305,2.08,
Sants-Montjuïc,2393,China,2016,1.141166526,180977,1.32,
Les Corts,706,China,2016,11.00628931,81642,0.86,
Sarrià-Sant Gervasi,591,China,2016,5.913978495,148026,0.40,
Gràcia,861,China,2016,0.819672131,120918,0.71,
Horta-Guinardó,951,China,2016,-0.834202294,167268,0.57,
Nou Barris,1399,China,2016,0.719942405,164881,0.85,
Sant Andreu,1639,China,2016,-0.666666667,146731,1.12,
Sant Martí,3540,China,2016,3.237095363,233928,1.51,
Ciutat Vella,4496,Filipinas,2016,-1.446733889,100070,4.49,
Eixample,1384,Filipinas,2016,3.437967115,264305,0.52,
Sants-Montjuïc,1819,Filipinas,2016,2.421171171,180977,1.01,
Les Corts,86,Filipinas,2016,22.85714286,81642,0.11,
Sarrià-Sant Gervasi,294,Filipinas,2016,0,148026,0.20,
Gràcia,120,Filipinas,2016,-1.639344262,120918,0.10,
Horta-Guinardó,123,Filipinas,2016,3.361344538,167268,0.07,
Nou Barris,112,Filipinas,2016,2.752293578,164881,0.07,
Sant Andreu,71,Filipinas,2016,-1.388888889,146731,0.05,
Sant Martí,177,Filipinas,2016,0,233928,0.08,
Ciutat Vella,643,Rumanía,2016,7.166666667,100070,0.64,
Eixample,897,Rumanía,2016,3.699421965,264305,0.34,
Sants-Montjuïc,1027,Rumanía,2016,1.884920635,180977,0.57,
Les Corts,241,Rumanía,2016,2.991452991,81642,0.30,
Sarrià-Sant Gervasi,261,Rumanía,2016,-0.760456274,148026,0.18,
Gràcia,410,Rumanía,2016,4.325699746,120918,0.34,
Horta-Guinardó,859,Rumanía,2016,6.180469716,167268,0.51,
Nou Barris,892,Rumanía,2016,3.962703963,164881,0.54,
Sant Andreu,711,Rumanía,2016,0.565770863,146731,0.48,
Sant Martí,1088,Rumanía,2016,1.209302326,233928,0.47,
Ciutat Vella,57565,España,2015,-0.995803522,100115,57.50,
Eixample,216101,España,2015,-0.219783264,263558,81.99,
Sants-Montjuïc,147759,España,2015,-0.141246756,180757,81.74,
Les Corts,72789,España,2015,0.406930229,81530,89.28,
Sarrià-Sant Gervasi,131260,España,2015,0.823424586,146834,89.39,
Gràcia,102728,España,2015,0.27624579,120401,85.32,
Horta-Guinardó,148100,España,2015,0.306133507,166559,88.92,
Nou Barris,141115,España,2015,0.04040891,164648,85.71,
Sant Andreu,130526,España,2015,0.516730199,146494,89.10,
Sant Martí,198841,España,2015,0.066932383,233659,85.10,
Ciutat Vella,4403,Italia,2015,-2.177293935,100115,4.40,
Eixample,6073,Italia,2015,-5.74266646,263558,2.30,
Sants-Montjuïc,2613,Italia,2015,-0.381242852,180757,1.45,
Les Corts,876,Italia,2015,-4.471101418,81530,1.07,
Sarrià-Sant Gervasi,2103,Italia,2015,-3.752860412,146834,1.43,
Gràcia,2777,Italia,2015,-2.969951083,120401,2.31,
Horta-Guinardó,1453,Italia,2015,-1.691474966,166559,0.87,
Nou Barris,685,Italia,2015,-5.64738292,164648,0.42,
Sant Andreu,859,Italia,2015,-1.264367816,146494,0.59,
Sant Martí,3352,Italia,2015,-2.159953298,233659,1.43,
Ciutat Vella,2056,francia,2015,-6.502955889,100115,2.05,
Eixample,3180,francia,2015,-5.046282472,263558,1.21,
Sants-Montjuïc,1238,francia,2015,-4.769230769,180757,0.68,
Les Corts,696,francia,2015,-8.179419525,81530,0.85,
Sarrià-Sant Gervasi,1728,francia,2015,-8.812664908,146834,1.18,
Gràcia,1325,francia,2015,-2.645113887,120401,1.10,
Horta-Guinardó,597,francia,2015,-8.012326656,166559,0.36,
Nou Barris,212,francia,2015,-4.504504505,164648,0.13,
Sant Andreu,262,francia,2015,-2.23880597,146494,0.18,
Sant Martí,1470,francia,2015,-4.545454545,233659,0.63,
Ciutat Vella,1411,Reino Unido,2015,-3.223593964,100115,1.41,
Eixample,1590,Reino Unido,2015,-5.413444378,263558,0.60,
Sants-Montjuïc,620,Reino Unido,2015,-5.918057663,180757,0.34,
Les Corts,191,Reino Unido,2015,-15.85903084,81530,0.23,
Sarrià-Sant Gervasi,626,Reino Unido,2015,-6.567164179,146834,0.43,
Gràcia,795,Reino Unido,2015,-5.469678954,120401,0.66,
Horta-Guinardó,296,Reino Unido,2015,-7.5,166559,0.18,
Nou Barris,87,Reino Unido,2015,-9.375,164648,0.05,
Sant Andreu,136,Reino Unido,2015,-0.729927007,146494,0.09,
Sant Martí,809,Reino Unido,2015,-5.269320843,233659,0.35,
Ciutat Vella,2656,Marruecos,2015,-3.488372093,100115,2.65,
Eixample,1055,Marruecos,2015,1.637764933,263558,0.40,
Sants-Montjuïc,2017,Marruecos,2015,-3.307766059,180757,1.12,
Les Corts,221,Marruecos,2015,0,81530,0.27,
Sarrià-Sant Gervasi,332,Marruecos,2015,-4.597701149,146834,0.23,
Gràcia,525,Marruecos,2015,-2.234636872,120401,0.44,
Horta-Guinardó,1004,Marruecos,2015,0.500500501,166559,0.60,
Nou Barris,1738,Marruecos,2015,-0.172314762,164648,1.06,
Sant Andreu,1291,Marruecos,2015,1.175548589,146494,0.88,
Sant Martí,1977,Marruecos,2015,1.488706366,233659,0.85,
Ciutat Vella,587,Bolivia,2015,-5.929487179,100115,0.59,
Eixample,1313,Bolivia,2015,-12.05626256,263558,0.50,
Sants-Montjuïc,1487,Bolivia,2015,-4.984025559,180757,0.82,
Les Corts,273,Bolivia,2015,-10.49180328,81530,0.33,
Sarrià-Sant Gervasi,384,Bolivia,2015,-9.647058824,146834,0.26,
Gràcia,484,Bolivia,2015,-11.02941176,120401,0.40,
Horta-Guinardó,1166,Bolivia,2015,-8.477237049,166559,0.70,
Nou Barris,1865,Bolivia,2015,-9.201557936,164648,1.13,
Sant Andreu,944,Bolivia,2015,-9.751434034,146494,0.64,
Sant Martí,1164,Bolivia,2015,-7.398568019,233659,0.50,
Ciutat Vella,459,Ecuador,2015,-13.39622642,100115,0.46,
Eixample,909,Ecuador,2015,-10.70726916,263558,0.34,
Sants-Montjuïc,1214,Ecuador,2015,-8.721804511,180757,0.67,
Les Corts,207,Ecuador,2015,-13.38912134,81530,0.25,
Sarrià-Sant Gervasi,186,Ecuador,2015,-6.532663317,146834,0.13,
Gràcia,315,Ecuador,2015,-14.40217391,120401,0.26,
Horta-Guinardó,988,Ecuador,2015,-8.771929825,166559,0.59,
Nou Barris,1958,Ecuador,2015,-9.85267035,164648,1.19,
Sant Andreu,924,Ecuador,2015,-15.30705775,146494,0.63,
Sant Martí,1041,Ecuador,2015,-12.95986622,233659,0.45,
Ciutat Vella,327,Perú,2015,-5.217391304,100115,0.33,
Eixample,1496,Perú,2015,-7.881773399,263558,0.57,
Sants-Montjuïc,1138,Perú,2015,-8.00323363,180757,0.63,
Les Corts,317,Perú,2015,-5.373134328,81530,0.39,
Sarrià-Sant Gervasi,358,Perú,2015,-10.05025126,146834,0.24,
Gràcia,446,Perú,2015,-8.606557377,120401,0.37,
Horta-Guinardó,975,Perú,2015,-10.79597438,166559,0.59,
Nou Barris,991,Perú,2015,-7.469654528,164648,0.60,
Sant Andreu,962,Perú,2015,-12.38615665,146494,0.66,
Sant Martí,1112,Perú,2015,-8.927108927,233659,0.48,
Ciutat Vella,621,Colombia,2015,5.972696246,100115,0.62,
Eixample,1689,Colombia,2015,-2.14368482,263558,0.64,
Sants-Montjuïc,1060,Colombia,2015,-7.826086957,180757,0.59,
Les Corts,348,Colombia,2015,-6.199460916,81530,0.43,
Sarrià-Sant Gervasi,393,Colombia,2015,-7.746478873,146834,0.27,
Gràcia,519,Colombia,2015,-4.770642202,120401,0.43,
Horta-Guinardó,845,Colombia,2015,-5.162738496,166559,0.51,
Nou Barris,807,Colombia,2015,-4.946996466,164648,0.49,
Sant Andreu,616,Colombia,2015,-1.754385965,146494,0.42,
Sant Martí,1015,Colombia,2015,-9.777777778,233659,0.43,
Ciutat Vella,6762,Pakistán,2015,-5.360391882,100115,6.75,
Eixample,1138,Pakistán,2015,-0.611353712,263558,0.43,
Sants-Montjuïc,3396,Pakistán,2015,-2.915951973,180757,1.88,
Les Corts,184,Pakistán,2015,-15.20737327,81530,0.23,
Sarrià-Sant Gervasi,215,Pakistán,2015,-15.68627451,146834,0.15,
Gràcia,397,Pakistán,2015,-8.735632184,120401,0.33,
Horta-Guinardó,882,Pakistán,2015,-2.97029703,166559,0.53,
Nou Barris,1898,Pakistán,2015,-3.605891315,164648,1.15,
Sant Andreu,1500,Pakistán,2015,-1.380670611,146494,1.02,
Sant Martí,3457,Pakistán,2015,-5.931972789,233659,1.48,
Ciutat Vella,889,China,2015,2.301495972,100115,0.89,
Eixample,5478,China,2015,5.691684353,263558,2.08,
Sants-Montjuïc,2366,China,2015,2.601908066,180757,1.31,
Les Corts,636,China,2015,9.466437177,81530,0.78,
Sarrià-Sant Gervasi,558,China,2015,3.333333333,146834,0.38,
Gràcia,854,China,2015,6.086956522,120401,0.71,
Horta-Guinardó,959,China,2015,-2.342158859,166559,0.58,
Nou Barris,1389,China,2015,3.967065868,164648,0.84,
Sant Andreu,1650,China,2015,5.905006418,146494,1.13,
Sant Martí,3429,China,2015,7.728557964,233659,1.47,
Ciutat Vella,4562,Filipinas,2015,-3.080518377,100115,4.56,
Eixample,1338,Filipinas,2015,4.858934169,263558,0.51,
Sants-Montjuïc,1776,Filipinas,2015,2.896871379,180757,0.98,
Les Corts,70,Filipinas,2015,7.692307692,81530,0.09,
Sarrià-Sant Gervasi,294,Filipinas,2015,-3.289473684,146834,0.20,
Gràcia,122,Filipinas,2015,3.389830508,120401,0.10,
Horta-Guinardó,119,Filipinas,2015,4.385964912,166559,0.07,
Nou Barris,109,Filipinas,2015,14.73684211,164648,0.07,
Sant Andreu,72,Filipinas,2015,-6.493506494,146494,0.05,
Sant Martí,177,Filipinas,2015,5.988023952,233659,0.08,
Ciutat Vella,600,Rumanía,2015,-15.25423729,100115,0.60,
Eixample,865,Rumanía,2015,-10.17653167,263558,0.33,
Sants-Montjuïc,1008,Rumanía,2015,-9.352517986,180757,0.56,
Les Corts,234,Rumanía,2015,-7.142857143,81530,0.29,
Sarrià-Sant Gervasi,263,Rumanía,2015,-6.737588652,146834,0.18,
Gràcia,393,Rumanía,2015,0.255102041,120401,0.33,
Horta-Guinardó,809,Rumanía,2015,-5.269320843,166559,0.49,
Nou Barris,858,Rumanía,2015,-9.398099261,164648,0.52,
Sant Andreu,707,Rumanía,2015,4.12371134,146494,0.48,
Sant Martí,1075,Rumanía,2015,-13.23648103,233659,0.46,
Ciutat Vella,58144,España,2014,-0.628930818,100685,57.75,
Eixample,216577,España,2014,0.952296606,263565,82.17,
Sants-Montjuïc,147968,España,2014,1.808173937,180824,81.83,
Les Corts,72494,España,2014,0.973605404,81200,89.28,
Sarrià-Sant Gervasi,130188,España,2014,0.973373768,145761,89.32,
Gràcia,102445,España,2014,0.576292486,120273,85.18,
Horta-Guinardó,147648,España,2014,1.130152468,166950,88.44,
Nou Barris,141058,España,2014,1.961776441,164516,85.74,
Sant Andreu,129855,España,2014,1.805538133,145983,88.95,
Sant Martí,198708,España,2014,1.381632653,232629,85.42,
Ciutat Vella,4501,Italia,2014,5.163551402,100685,4.47,
Eixample,6443,Italia,2014,6.00526489,263565,2.44,
Sants-Montjuïc,2623,Italia,2014,5.172413793,180824,1.45,
Les Corts,917,Italia,2014,2.34375,81200,1.13,
Sarrià-Sant Gervasi,2185,Italia,2014,1.017105871,145761,1.50,
Gràcia,2862,Italia,2014,4.452554745,120273,2.38,
Horta-Guinardó,1478,Italia,2014,-1.335113485,166950,0.89,
Nou Barris,726,Italia,2014,4.310344828,164516,0.44,
Sant Andreu,870,Italia,2014,3.448275862,145983,0.60,
Sant Martí,3426,Italia,2014,3.975720789,232629,1.47,
Ciutat Vella,2199,francia,2014,5.215311005,100685,2.18,
Eixample,3349,francia,2014,4.820031299,263565,1.27,
Sants-Montjuïc,1300,francia,2014,2.201257862,180824,0.72,
Les Corts,758,francia,2014,-7.673568819,81200,0.93,
Sarrià-Sant Gervasi,1895,francia,2014,1.012793177,145761,1.30,
Gràcia,1361,francia,2014,2.794561934,120273,1.13,
Horta-Guinardó,649,francia,2014,4.846526656,166950,0.39,
Nou Barris,222,francia,2014,4.225352113,164516,0.13,
Sant Andreu,268,francia,2014,-0.740740741,145983,0.18,
Sant Martí,1540,francia,2014,7.692307692,232629,0.66,
Ciutat Vella,1458,Reino Unido,2014,9.213483146,100685,1.45,
Eixample,1681,Reino Unido,2014,6.527249683,263565,0.64,
Sants-Montjuïc,659,Reino Unido,2014,8.566721582,180824,0.36,
Les Corts,227,Reino Unido,2014,-2.575107296,81200,0.28,
Sarrià-Sant Gervasi,670,Reino Unido,2014,1.361573374,145761,0.46,
Gràcia,841,Reino Unido,2014,2.311435523,120273,0.70,
Horta-Guinardó,320,Reino Unido,2014,3.55987055,166950,0.19,
Nou Barris,96,Reino Unido,2014,10.34482759,164516,0.06,
Sant Andreu,137,Reino Unido,2014,3.787878788,145983,0.09,
Sant Martí,854,Reino Unido,2014,5.955334988,232629,0.37,
Ciutat Vella,2752,Marruecos,2014,-8.874172185,100685,2.73,
Eixample,1038,Marruecos,2014,-0.859598854,263565,0.39,
Sants-Montjuïc,2086,Marruecos,2014,-3.336422614,180824,1.15,
Les Corts,221,Marruecos,2014,2.790697674,81200,0.27,
Sarrià-Sant Gervasi,348,Marruecos,2014,5.135951662,145761,0.24,
Gràcia,537,Marruecos,2014,-3.243243243,120273,0.45,
Horta-Guinardó,999,Marruecos,2014,-5.397727273,166950,0.60,
Nou Barris,1741,Marruecos,2014,0.403690888,164516,1.06,
Sant Andreu,1276,Marruecos,2014,-3.333333333,145983,0.87,
Sant Martí,1948,Marruecos,2014,-4.462972045,232629,0.84,
Ciutat Vella,624,Bolivia,2014,-23.62301102,100685,0.62,
Eixample,1493,Bolivia,2014,-20.96347274,263565,0.57,
Sants-Montjuïc,1565,Bolivia,2014,-21.67167167,180824,0.87,
Les Corts,305,Bolivia,2014,-22.78481013,81200,0.38,
Sarrià-Sant Gervasi,425,Bolivia,2014,-27.84380306,145761,0.29,
Gràcia,544,Bolivia,2014,-21.04499274,120273,0.45,
Horta-Guinardó,1274,Bolivia,2014,-20.62305296,166950,0.76,
Nou Barris,2054,Bolivia,2014,-18.45970623,164516,1.25,
Sant Andreu,1046,Bolivia,2014,-20.03058104,145983,0.72,
Sant Martí,1257,Bolivia,2014,-22.26345083,232629,0.54,
Ciutat Vella,530,Ecuador,2014,-27.1978022,100685,0.53,
Eixample,1018,Ecuador,2014,-28.76137159,263565,0.39,
Sants-Montjuïc,1330,Ecuador,2014,-30.62076161,180824,0.74,
Les Corts,239,Ecuador,2014,-18.15068493,81200,0.29,
Sarrià-Sant Gervasi,199,Ecuador,2014,-22.56809339,145761,0.14,
Gràcia,368,Ecuador,2014,-28.82011605,120273,0.31,
Horta-Guinardó,1083,Ecuador,2014,-29.30809399,166950,0.65,
Nou Barris,2172,Ecuador,2014,-31.06950175,164516,1.32,
Sant Andreu,1091,Ecuador,2014,-30.0192431,145983,0.75,
Sant Martí,1196,Ecuador,2014,-31.22484186,232629,0.51,
Ciutat Vella,345,Perú,2014,-22.64573991,100685,0.34,
Eixample,1624,Perú,2014,-25.64102564,263565,0.62,
Sants-Montjuïc,1237,Perú,2014,-27.82963827,180824,0.68,
Les Corts,335,Perú,2014,-14.54081633,81200,0.41,
Sarrià-Sant Gervasi,398,Perú,2014,-28.28828829,145761,0.27,
Gràcia,488,Perú,2014,-28.02359882,120273,0.41,
Horta-Guinardó,1093,Perú,2014,-26.88963211,166950,0.65,
Nou Barris,1071,Perú,2014,-29.72440945,164516,0.65,
Sant Andreu,1098,Perú,2014,-28.37573386,145983,0.75,
Sant Martí,1221,Perú,2014,-27.79420461,232629,0.52,
Ciutat Vella,586,Colombia,2014,-24.77535302,100685,0.58,
Eixample,1726,Colombia,2014,-23.76325088,263565,0.65,
Sants-Montjuïc,1150,Colombia,2014,-24.83660131,180824,0.64,
Les Corts,371,Colombia,2014,-25.65130261,81200,0.46,
Sarrià-Sant Gervasi,426,Colombia,2014,-20.37383178,145761,0.29,
Gràcia,545,Colombia,2014,-26.54986523,120273,0.45,
Horta-Guinardó,891,Colombia,2014,-30.76923077,166950,0.53,
Nou Barris,849,Colombia,2014,-27.62148338,164516,0.52,
Sant Andreu,627,Colombia,2014,-29.5505618,145983,0.43,
Sant Martí,1125,Colombia,2014,-26.85305592,232629,0.48,
Ciutat Vella,7145,Pakistán,2014,-7.219841579,100685,7.10,
Eixample,1145,Pakistán,2014,-4.023470243,263565,0.43,
Sants-Montjuïc,3498,Pakistán,2014,-6.370449679,180824,1.93,
Les Corts,217,Pakistán,2014,-11.78861789,81200,0.27,
Sarrià-Sant Gervasi,255,Pakistán,2014,12.33480176,145761,0.17,
Gràcia,435,Pakistán,2014,-12.2983871,120273,0.36,
Horta-Guinardó,909,Pakistán,2014,-11.23046875,166950,0.54,
Nou Barris,1969,Pakistán,2014,-9.346224678,164516,1.20,
Sant Andreu,1521,Pakistán,2014,-7.369062119,145983,1.04,
Sant Martí,3675,Pakistán,2014,-5.112316034,232629,1.58,
Ciutat Vella,869,China,2014,1.756440281,100685,0.86,
Eixample,5183,China,2014,4.453849254,263565,1.97,
Sants-Montjuïc,2306,China,2014,-0.345721694,180824,1.28,
Les Corts,581,China,2014,7.393715342,81200,0.72,
Sarrià-Sant Gervasi,540,China,2014,1.694915254,145761,0.37,
Gràcia,805,China,2014,4.817708333,120273,0.67,
Horta-Guinardó,982,China,2014,8.03080308,166950,0.59,
Nou Barris,1336,China,2014,3.325599381,164516,0.81,
Sant Andreu,1558,China,2014,-2.685821362,145983,1.07,
Sant Martí,3183,China,2014,3.444913877,232629,1.37,
Ciutat Vella,4707,Filipinas,2014,-6.477250149,100685,4.67,
Eixample,1276,Filipinas,2014,3.069466882,263565,0.48,
Sants-Montjuïc,1726,Filipinas,2014,-1.931818182,180824,0.95,
Les Corts,65,Filipinas,2014,-13.33333333,81200,0.08,
Sarrià-Sant Gervasi,304,Filipinas,2014,-10.32448378,145761,0.21,
Gràcia,118,Filipinas,2014,14.5631068,120273,0.10,
Horta-Guinardó,114,Filipinas,2014,12.87128713,166950,0.07,
Nou Barris,95,Filipinas,2014,-2.06185567,164516,0.06,
Sant Andreu,77,Filipinas,2014,10,145983,0.05,
Sant Martí,167,Filipinas,2014,1.212121212,232629,0.07,
Ciutat Vella,708,Rumanía,2014,1.724137931,100685,0.70,
Eixample,963,Rumanía,2014,0,263565,0.37,
Sants-Montjuïc,1112,Rumanía,2014,0.36101083,180824,0.61,
Les Corts,252,Rumanía,2014,5.439330544,81200,0.31,
Sarrià-Sant Gervasi,282,Rumanía,2014,-0.35335689,145761,0.19,
Gràcia,392,Rumanía,2014,4.533333333,120273,0.33,
Horta-Guinardó,854,Rumanía,2014,-1.042873696,166950,0.51,
Nou Barris,947,Rumanía,2014,6.404494382,164516,0.58,
Sant Andreu,679,Rumanía,2014,2.259036145,145983,0.47,
Sant Martí,1239,Rumanía,2014,1.391162029,232629,0.53,
Ciutat Vella,58512,España,2013,-2.15548235,103339,56.62,
Eixample,214534,España,2013,-0.765074842,264780,81.02,
Sants-Montjuïc,145340,España,2013,-0.47182409,182685,79.56,
Les Corts,71795,España,2013,-0.431309461,81640,87.94,
Sarrià-Sant Gervasi,128933,España,2013,0.177927648,145266,88.76,
Gràcia,101858,España,2013,-0.32976173,120949,84.22,
Horta-Guinardó,145998,España,2013,-0.207789367,167743,87.04,
Nou Barris,138344,España,2013,-0.347197211,165748,83.47,
Sant Andreu,127552,España,2013,0.278306263,146846,86.86,
Sant Martí,196000,España,2013,0.152784094,232826,84.18,
Ciutat Vella,4280,Italia,2013,7.781415261,103339,4.14,
Eixample,6078,Italia,2013,5.66759388,264780,2.30,
Sants-Montjuïc,2494,Italia,2013,7.3611709,182685,1.37,
Les Corts,896,Italia,2013,3.464203233,81640,1.10,
Sarrià-Sant Gervasi,2163,Italia,2013,5.153135634,145266,1.49,
Gràcia,2740,Italia,2013,4.063805545,120949,2.27,
Horta-Guinardó,1498,Italia,2013,4.172461752,167743,0.89,
Nou Barris,696,Italia,2013,4.035874439,165748,0.42,
Sant Andreu,841,Italia,2013,-0.355450237,146846,0.57,
Sant Martí,3295,Italia,2013,5.271565495,232826,1.42,
Ciutat Vella,2090,francia,2013,6.523955148,103339,2.02,
Eixample,3195,francia,2013,9.00716479,264780,1.21,
Sants-Montjuïc,1272,francia,2013,7.979626486,182685,0.70,
Les Corts,821,francia,2013,0.12195122,81640,1.01,
Sarrià-Sant Gervasi,1876,francia,2013,4.863051984,145266,1.29,
Gràcia,1324,francia,2013,2.003081664,120949,1.09,
Horta-Guinardó,619,francia,2013,11.53153153,167743,0.37,
Nou Barris,213,francia,2013,0,165748,0.13,
Sant Andreu,270,francia,2013,-2.877697842,146846,0.18,
Sant Martí,1430,francia,2013,7.518796992,232826,0.61,
Ciutat Vella,1335,Reino Unido,2013,8.80195599,103339,1.29,
Eixample,1578,Reino Unido,2013,10.11863224,264780,0.60,
Sants-Montjuïc,607,Reino Unido,2013,8.199643494,182685,0.33,
Les Corts,233,Reino Unido,2013,15.34653465,81640,0.29,
Sarrià-Sant Gervasi,661,Reino Unido,2013,3.93081761,145266,0.46,
Gràcia,822,Reino Unido,2013,14.16666667,120949,0.68,
Horta-Guinardó,309,Reino Unido,2013,11.55234657,167743,0.18,
Nou Barris,87,Reino Unido,2013,-3.333333333,165748,0.05,
Sant Andreu,132,Reino Unido,2013,12.82051282,146846,0.09,
Sant Martí,806,Reino Unido,2013,9.066305819,232826,0.35,
Ciutat Vella,3020,Marruecos,2013,-1.628664495,103339,2.92,
Eixample,1047,Marruecos,2013,-0.380589914,264780,0.40,
Sants-Montjuïc,2158,Marruecos,2013,-4.808116453,182685,1.18,
Les Corts,215,Marruecos,2013,-7.725321888,81640,0.26,
Sarrià-Sant Gervasi,331,Marruecos,2013,8.524590164,145266,0.23,
Gràcia,555,Marruecos,2013,-9.902597403,120949,0.46,
Horta-Guinardó,1056,Marruecos,2013,1.832208293,167743,0.63,
Nou Barris,1734,Marruecos,2013,2.180318209,165748,1.05,
Sant Andreu,1320,Marruecos,2013,-5.035971223,146846,0.90,
Sant Martí,2039,Marruecos,2013,-0.195790504,232826,0.88,
Ciutat Vella,817,Bolivia,2013,-8.305274972,103339,0.79,
Eixample,1889,Bolivia,2013,-1.409185804,264780,0.71,
Sants-Montjuïc,1998,Bolivia,2013,-4.356151269,182685,1.09,
Les Corts,395,Bolivia,2013,-4.126213592,81640,0.48,
Sarrià-Sant Gervasi,589,Bolivia,2013,-7.097791798,145266,0.41,
Gràcia,689,Bolivia,2013,-7.142857143,120949,0.57,
Horta-Guinardó,1605,Bolivia,2013,0.3125,167743,0.96,
Nou Barris,2519,Bolivia,2013,-5.690752527,165748,1.52,
Sant Andreu,1308,Bolivia,2013,-6.303724928,146846,0.89,
Sant Martí,1617,Bolivia,2013,-6.747404844,232826,0.69,
Ciutat Vella,728,Ecuador,2013,-13.64175563,103339,0.70,
Eixample,1429,Ecuador,2013,-4.093959732,264780,0.54,
Sants-Montjuïc,1917,Ecuador,2013,-9.275911027,182685,1.05,
Les Corts,292,Ecuador,2013,-6.709265176,81640,0.36,
Sarrià-Sant Gervasi,257,Ecuador,2013,-6.884057971,145266,0.18,
Gràcia,517,Ecuador,2013,-15.10673235,120949,0.43,
Horta-Guinardó,1532,Ecuador,2013,-11.54734411,167743,0.91,
Nou Barris,3151,Ecuador,2013,-11.51361977,165748,1.90,
Sant Andreu,1559,Ecuador,2013,-7.860520095,146846,1.06,
Sant Martí,1739,Ecuador,2013,-10.54526749,232826,0.75,
Ciutat Vella,446,Perú,2013,-9.898989899,103339,0.43,
Eixample,2184,Perú,2013,-6.746370623,264780,0.82,
Sants-Montjuïc,1714,Perú,2013,-8.684070325,182685,0.94,
Les Corts,392,Perú,2013,-11.51241535,81640,0.48,
Sarrià-Sant Gervasi,555,Perú,2013,-3.47826087,145266,0.38,
Gràcia,678,Perú,2013,-7.629427793,120949,0.56,
Horta-Guinardó,1495,Perú,2013,-5.01905972,167743,0.89,
Nou Barris,1524,Perú,2013,-8.797127469,165748,0.92,
Sant Andreu,1533,Perú,2013,-9.982384028,146846,1.04,
Sant Martí,1691,Perú,2013,-8.988159311,232826,0.73,
Ciutat Vella,779,Colombia,2013,-2.25846926,103339,0.75,
Eixample,2264,Colombia,2013,-4.953820319,264780,0.86,
Sants-Montjuïc,1530,Colombia,2013,-8.656716418,182685,0.84,
Les Corts,499,Colombia,2013,-9.927797834,81640,0.61,
Sarrià-Sant Gervasi,535,Colombia,2013,-6.140350877,145266,0.37,
Gràcia,742,Colombia,2013,-8.733087331,120949,0.61,
Horta-Guinardó,1287,Colombia,2013,-6.739130435,167743,0.77,
Nou Barris,1173,Colombia,2013,-4.788961039,165748,0.71,
Sant Andreu,890,Colombia,2013,-5.82010582,146846,0.61,
Sant Martí,1538,Colombia,2013,-10.21599533,232826,0.66,
Ciutat Vella,7701,Pakistán,2013,-2.924492626,103339,7.45,
Eixample,1193,Pakistán,2013,-9.415337889,264780,0.45,
Sants-Montjuïc,3736,Pakistán,2013,-6.879361914,182685,2.05,
Les Corts,246,Pakistán,2013,-36.59793814,81640,0.30,
Sarrià-Sant Gervasi,227,Pakistán,2013,-36.41456583,145266,0.16,
Gràcia,496,Pakistán,2013,-20.25723473,120949,0.41,
Horta-Guinardó,1024,Pakistán,2013,-13.14673452,167743,0.61,
Nou Barris,2172,Pakistán,2013,-7.770700637,165748,1.31,
Sant Andreu,1642,Pakistán,2013,-12.98357181,146846,1.12,
Sant Martí,3873,Pakistán,2013,-3.560756972,232826,1.66,
Ciutat Vella,854,China,2013,-3.828828829,103339,0.83,
Eixample,4962,China,2013,1.348039216,264780,1.87,
Sants-Montjuïc,2314,China,2013,1.624945103,182685,1.27,
Les Corts,541,China,2013,16.84665227,81640,0.66,
Sarrià-Sant Gervasi,531,China,2013,2.115384615,145266,0.37,
Gràcia,768,China,2013,10.0286533,120949,0.63,
Horta-Guinardó,909,China,2013,-0.10989011,167743,0.54,
Nou Barris,1293,China,2013,1.730920535,165748,0.78,
Sant Andreu,1601,China,2013,3.691709845,146846,1.09,
Sant Martí,3077,China,2013,5.593685655,232826,1.32,
Ciutat Vella,5033,Filipinas,2013,0.700280112,103339,4.87,
Eixample,1238,Filipinas,2013,7.093425606,264780,0.47,
Sants-Montjuïc,1760,Filipinas,2013,2.504368084,182685,0.96,
Les Corts,75,Filipinas,2013,-5.063291139,81640,0.09,
Sarrià-Sant Gervasi,339,Filipinas,2013,3.669724771,145266,0.23,
Gràcia,103,Filipinas,2013,3,120949,0.09,
Horta-Guinardó,101,Filipinas,2013,42.25352113,167743,0.06,
Nou Barris,97,Filipinas,2013,10.22727273,165748,0.06,
Sant Andreu,70,Filipinas,2013,-6.666666667,146846,0.05,
Sant Martí,165,Filipinas,2013,10,232826,0.07,
Ciutat Vella,696,Rumanía,2013,-1.276595745,103339,0.67,
Eixample,963,Rumanía,2013,3.771551724,264780,0.36,
Sants-Montjuïc,1108,Rumanía,2013,2.973977695,182685,0.61,
Les Corts,239,Rumanía,2013,4.824561404,81640,0.29,
Sarrià-Sant Gervasi,283,Rumanía,2013,8.846153846,145266,0.19,
Gràcia,375,Rumanía,2013,5.042016807,120949,0.31,
Horta-Guinardó,863,Rumanía,2013,1.410105758,167743,0.51,
Nou Barris,890,Rumanía,2013,0.564971751,165748,0.54,
Sant Andreu,664,Rumanía,2013,2.469135802,146846,0.45,
Sant Martí,1222,Rumanía,2013,8.333333333,232826,0.52,
Ciutat Vella,59801,España,2012,-1.605870642,104442,57.26,Ciutat Vella
Eixample,216188,España,2012,-0.61190057,265828,81.33,Eixample
Sants-Montjuïc,146029,España,2012,-0.17022382,184072,79.33,Sants-Montjuïc
Les Corts,72106,España,2012,-0.0485161,82420,87.49,Les Corts
Sarrià-Sant Gervasi,128704,España,2012,0.334437731,145391,88.52,Sarrià-Sant Gervasi
Gràcia,102195,España,2012,-0.19629673,121926,83.82,Gràcia
Horta-Guinardó,146302,España,2012,-0.636380307,169107,86.51,Horta-Guinardó
Nou Barris,138826,España,2012,-0.27512589,167419,82.92,Nou Barris
Sant Andreu,127198,España,2012,0.09521786,147453,86.26,Sant Andreu
Sant Martí,195701,España,2012,0.182754525,232885,84.03,Sant Martí
Ciutat Vella,3971,Italia,2012,7.382368848,104442,3.80,
Eixample,5752,Italia,2012,5.98857564,265828,2.16,
Sants-Montjuïc,2323,Italia,2012,9.730751063,184072,1.26,
Les Corts,866,Italia,2012,-1.028571429,82420,1.05,
Sarrià-Sant Gervasi,2057,Italia,2012,5.812757202,145391,1.41,
Gràcia,2633,Italia,2012,6.469874646,121926,2.16,
Horta-Guinardó,1438,Italia,2012,1.125175809,169107,0.85,
Nou Barris,669,Italia,2012,1.826484018,167419,0.40,
Sant Andreu,844,Italia,2012,3.052503053,147453,0.57,
Sant Martí,3130,Italia,2012,8.983286908,232885,1.34,
Ciutat Vella,1962,francia,2012,6.456863809,104442,1.88,
Eixample,2931,francia,2012,7.836644592,265828,1.10,
Sants-Montjuïc,1178,francia,2012,8.47145488,184072,0.64,
Les Corts,820,francia,2012,7.611548556,82420,0.99,
Sarrià-Sant Gervasi,1789,francia,2012,4.926686217,145391,1.23,
Gràcia,1298,francia,2012,7.184145334,121926,1.06,
Horta-Guinardó,555,francia,2012,6.936416185,169107,0.33,
Nou Barris,213,francia,2012,5.970149254,167419,0.13,
Sant Andreu,278,francia,2012,6.923076923,147453,0.19,
Sant Martí,1330,francia,2012,8.83797054,232885,0.57,
Ciutat Vella,1227,Reino Unido,2012,15.21126761,104442,1.17,
Eixample,1433,Reino Unido,2012,7.906626506,265828,0.54,
Sants-Montjuïc,561,Reino Unido,2012,6.451612903,184072,0.30,
Les Corts,202,Reino Unido,2012,9.782608696,82420,0.25,
Sarrià-Sant Gervasi,636,Reino Unido,2012,8.163265306,145391,0.44,
Gràcia,720,Reino Unido,2012,11.97511664,121926,0.59,
Horta-Guinardó,277,Reino Unido,2012,6.94980695,169107,0.16,
Nou Barris,90,Reino Unido,2012,-11.76470588,167419,0.05,
Sant Andreu,117,Reino Unido,2012,-2.5,147453,0.08,
Sant Martí,739,Reino Unido,2012,9.643916914,232885,0.32,
Ciutat Vella,3070,Marruecos,2012,0.097815455,104442,2.94,
Eixample,1051,Marruecos,2012,2.63671875,265828,0.40,
Sants-Montjuïc,2267,Marruecos,2012,-1.776429809,184072,1.23,
Les Corts,233,Marruecos,2012,1.304347826,82420,0.28,
Sarrià-Sant Gervasi,305,Marruecos,2012,-4.088050314,145391,0.21,
Gràcia,616,Marruecos,2012,9.219858156,121926,0.51,
Horta-Guinardó,1037,Marruecos,2012,-0.384245917,169107,0.61,
Nou Barris,1697,Marruecos,2012,0.058962264,167419,1.01,
Sant Andreu,1390,Marruecos,2012,-1.488306166,147453,0.94,
Sant Martí,2043,Marruecos,2012,6.185031185,232885,0.88,
Ciutat Vella,891,Bolivia,2012,-16.2593985,104442,0.85,
Eixample,1916,Bolivia,2012,-1.287995878,265828,0.72,
Sants-Montjuïc,2089,Bolivia,2012,-0.760095012,184072,1.13,
Les Corts,412,Bolivia,2012,-4.408352668,82420,0.50,
Sarrià-Sant Gervasi,634,Bolivia,2012,-11.32867133,145391,0.44,
Gràcia,742,Bolivia,2012,-6.075949367,121926,0.61,
Horta-Guinardó,1600,Bolivia,2012,-8.045977011,169107,0.95,
Nou Barris,2671,Bolivia,2012,-2.872727273,167419,1.60,
Sant Andreu,1396,Bolivia,2012,-2.649930265,147453,0.95,
Sant Martí,1734,Bolivia,2012,-1.533219761,232885,0.74,
Ciutat Vella,843,Ecuador,2012,-8.568329718,104442,0.81,
Eixample,1490,Ecuador,2012,-8.024691358,265828,0.56,
Sants-Montjuïc,2113,Ecuador,2012,-12.68595041,184072,1.15,
Les Corts,313,Ecuador,2012,-7.121661721,82420,0.38,
Sarrià-Sant Gervasi,276,Ecuador,2012,-4.498269896,145391,0.19,
Gràcia,609,Ecuador,2012,-4.545454545,121926,0.50,
Horta-Guinardó,1732,Ecuador,2012,-7.280513919,169107,1.02,
Nou Barris,3561,Ecuador,2012,-10.70712136,167419,2.13,
Sant Andreu,1692,Ecuador,2012,-11.55253528,147453,1.15,
Sant Martí,1944,Ecuador,2012,-8.732394366,232885,0.83,
Ciutat Vella,495,Perú,2012,2.06185567,104442,0.47,
Eixample,2342,Perú,2012,-4.369130257,265828,0.88,
Sants-Montjuïc,1877,Perú,2012,-3.496143959,184072,1.02,
Les Corts,443,Perú,2012,-4.112554113,82420,0.54,
Sarrià-Sant Gervasi,575,Perú,2012,-3.361344538,145391,0.40,
Gràcia,734,Perú,2012,-7.440100883,121926,0.60,
Horta-Guinardó,1574,Perú,2012,-1.563477173,169107,0.93,
Nou Barris,1671,Perú,2012,-1.532115498,167419,1.00,
Sant Andreu,1703,Perú,2012,-4.647256439,147453,1.15,
Sant Martí,1858,Perú,2012,-0.428724544,232885,0.80,
Ciutat Vella,797,Colombia,2012,-2.804878049,104442,0.76,
Eixample,2382,Colombia,2012,1.189464741,265828,0.90,
Sants-Montjuïc,1675,Colombia,2012,-2.218330414,184072,0.91,
Les Corts,554,Colombia,2012,0.54446461,82420,0.67,
Sarrià-Sant Gervasi,570,Colombia,2012,-0.523560209,145391,0.39,
Gràcia,813,Colombia,2012,-0.732600733,121926,0.67,
Horta-Guinardó,1380,Colombia,2012,-4.761904762,169107,0.82,
Nou Barris,1232,Colombia,2012,-6.525037936,167419,0.74,
Sant Andreu,945,Colombia,2012,-2.977412731,147453,0.64,
Sant Martí,1713,Colombia,2012,2.697841727,232885,0.74,
Ciutat Vella,7933,Pakistán,2012,8.137949836,104442,7.60,
Eixample,1317,Pakistán,2012,-2.876106195,265828,0.50,
Sants-Montjuïc,4012,Pakistán,2012,10.37138927,184072,2.18,
Les Corts,388,Pakistán,2012,-26.37571157,82420,0.47,
Sarrià-Sant Gervasi,357,Pakistán,2012,-25,145391,0.25,
Gràcia,622,Pakistán,2012,-9.593023256,121926,0.51,
Horta-Guinardó,1179,Pakistán,2012,-2.07641196,169107,0.70,
Nou Barris,2355,Pakistán,2012,0.986277873,167419,1.41,
Sant Andreu,1887,Pakistán,2012,2.777777778,147453,1.28,
Sant Martí,4016,Pakistán,2012,8.394062078,232885,1.72,
Ciutat Vella,888,China,2012,2.068965517,104442,0.85,
Eixample,4896,China,2012,3.860840051,265828,1.84,
Sants-Montjuïc,2277,China,2012,-0.131578947,184072,1.24,
Les Corts,463,China,2012,15.17412935,82420,0.56,
Sarrià-Sant Gervasi,520,China,2012,0.192678227,145391,0.36,
Gràcia,698,China,2012,0.431654676,121926,0.57,
Horta-Guinardó,910,China,2012,8.982035928,169107,0.54,
Nou Barris,1271,China,2012,4.180327869,167419,0.76,
Sant Andreu,1544,China,2012,2.387267905,147453,1.05,
Sant Martí,2914,China,2012,6.350364964,232885,1.25,
Ciutat Vella,4998,Filipinas,2012,5.309734513,104442,4.79,
Eixample,1156,Filipinas,2012,10.0952381,265828,0.43,
Sants-Montjuïc,1717,Filipinas,2012,9.642401022,184072,0.93,
Les Corts,79,Filipinas,2012,9.722222222,82420,0.10,
Sarrià-Sant Gervasi,327,Filipinas,2012,5.825242718,145391,0.22,
Gràcia,100,Filipinas,2012,11.11111111,121926,0.08,
Horta-Guinardó,71,Filipinas,2012,9.230769231,169107,0.04,
Nou Barris,88,Filipinas,2012,17.33333333,167419,0.05,
Sant Andreu,75,Filipinas,2012,13.63636364,147453,0.05,
Sant Martí,150,Filipinas,2012,1.351351351,232885,0.06,
Ciutat Vella,705,Rumanía,2012,10.67503925,104442,0.68,
Eixample,928,Rumanía,2012,9.048178613,265828,0.35,
Sants-Montjuïc,1076,Rumanía,2012,7.6,184072,0.58,
Les Corts,228,Rumanía,2012,4.587155963,82420,0.28,
Sarrià-Sant Gervasi,260,Rumanía,2012,1.960784314,145391,0.18,
Gràcia,357,Rumanía,2012,-1.38121547,121926,0.29,
Horta-Guinardó,851,Rumanía,2012,2.406738869,169107,0.50,
Nou Barris,885,Rumanía,2012,1.841196778,167419,0.53,
Sant Andreu,648,Rumanía,2012,3.184713376,147453,0.44,
Sant Martí,1128,Rumanía,2012,7.224334601,232885,0.48,
Ciutat Vella,60777,España,2011,-1.074271205,103563,58.69,
Eixample,217519,España,2011,-0.091861528,264477,82.24,
Sants-Montjuïc,146278,España,2011,-0.016404424,182817,80.01,
Les Corts,72141,España,2011,0.008317738,82436,87.51,
Sarrià-Sant Gervasi,128275,España,2011,0.606265,144554,88.74,
Gràcia,102396,España,2011,-0.021480599,121540,84.25,
Horta-Guinardó,147239,España,2011,-0.205365252,169896,86.66,
Nou Barris,139209,España,2011,-0.109786025,167637,83.04,
Sant Andreu,127077,España,2011,0.584938815,147370,86.23,
Sant Martí,195344,España,2011,0.467508422,231158,84.51,
Ciutat Vella,3698,Italia,2011,-7.178714859,103563,3.57,
Eixample,5427,Italia,2011,-6.414899121,264477,2.05,
Sants-Montjuïc,2117,Italia,2011,-6.451612903,182817,1.16,
Les Corts,875,Italia,2011,-5.303030303,82436,1.06,
Sarrià-Sant Gervasi,1944,Italia,2011,-9.455053563,144554,1.34,
Gràcia,2473,Italia,2011,-7.204502814,121540,2.03,
Horta-Guinardó,1422,Italia,2011,-7.841866494,169896,0.84,
Nou Barris,657,Italia,2011,-5.194805195,167637,0.39,
Sant Andreu,819,Italia,2011,-7.77027027,147370,0.56,
Sant Martí,2872,Italia,2011,-6.113108859,231158,1.24,
Ciutat Vella,1843,francia,2011,-18.55943438,103563,1.78,
Eixample,2718,francia,2011,-16.03336423,264477,1.03,
Sants-Montjuïc,1086,francia,2011,-16.7816092,182817,0.59,
Les Corts,762,francia,2011,-15.5210643,82436,0.92,
Sarrià-Sant Gervasi,1705,francia,2011,-16.38057872,144554,1.18,
Gràcia,1211,francia,2011,-15.13665032,121540,1.00,
Horta-Guinardó,519,francia,2011,-16.55948553,169896,0.31,
Nou Barris,201,francia,2011,-15.18987342,167637,0.12,
Sant Andreu,260,francia,2011,-18.75,147370,0.18,
Sant Martí,1222,francia,2011,-11.19186047,231158,0.53,
Ciutat Vella,1065,Reino Unido,2011,-16.8618267,103563,1.03,
Eixample,1328,Reino Unido,2011,-14.92632928,264477,0.50,
Sants-Montjuïc,527,Reino Unido,2011,-9.605488851,182817,0.29,
Les Corts,184,Reino Unido,2011,-15.59633028,82436,0.22,
Sarrià-Sant Gervasi,588,Reino Unido,2011,-15.75931232,144554,0.41,
Gràcia,643,Reino Unido,2011,-15.28326746,121540,0.53,
Horta-Guinardó,259,Reino Unido,2011,-12.5,169896,0.15,
Nou Barris,102,Reino Unido,2011,5.154639175,167637,0.06,
Sant Andreu,120,Reino Unido,2011,-7.692307692,147370,0.08,
Sant Martí,674,Reino Unido,2011,-5.602240896,231158,0.29,
Ciutat Vella,3067,Marruecos,2011,-8.529674918,103563,2.96,
Eixample,1024,Marruecos,2011,-11.72413793,264477,0.39,
Sants-Montjuïc,2308,Marruecos,2011,-4.509722797,182817,1.26,
Les Corts,230,Marruecos,2011,-9.090909091,82436,0.28,
Sarrià-Sant Gervasi,318,Marruecos,2011,-1.242236025,144554,0.22,
Gràcia,564,Marruecos,2011,-3.092783505,121540,0.46,
Horta-Guinardó,1041,Marruecos,2011,1.859099804,169896,0.61,
Nou Barris,1696,Marruecos,2011,-4.18079096,167637,1.01,
Sant Andreu,1411,Marruecos,2011,-7.232084155,147370,0.96,
Sant Martí,1924,Marruecos,2011,-5.174963036,231158,0.83,
Ciutat Vella,1064,Bolivia,2011,-19.45495836,103563,1.03,
Eixample,1941,Bolivia,2011,-0.766871166,264477,0.73,
Sants-Montjuïc,2105,Bolivia,2011,-4.318181818,182817,1.15,
Les Corts,431,Bolivia,2011,-9.453781513,82436,0.52,
Sarrià-Sant Gervasi,715,Bolivia,2011,-7.860824742,144554,0.49,
Gràcia,790,Bolivia,2011,-18.13471503,121540,0.65,
Horta-Guinardó,1740,Bolivia,2011,-6.902086677,169896,1.02,
Nou Barris,2750,Bolivia,2011,-6.684764167,167637,1.64,
Sant Andreu,1434,Bolivia,2011,-2.845528455,147370,0.97,
Sant Martí,1761,Bolivia,2011,-5.169628433,231158,0.76,
Ciutat Vella,922,Ecuador,2011,-23.23064113,103563,0.89,
Eixample,1620,Ecuador,2011,-19.8019802,264477,0.61,
Sants-Montjuïc,2420,Ecuador,2011,-16.58048949,182817,1.32,
Les Corts,337,Ecuador,2011,-19.95249406,82436,0.41,
Sarrià-Sant Gervasi,289,Ecuador,2011,-19.27374302,144554,0.20,
Gràcia,638,Ecuador,2011,-16.92708333,121540,0.52,
Horta-Guinardó,1868,Ecuador,2011,-15.77998197,169896,1.10,
Nou Barris,3988,Ecuador,2011,-17.77319588,167637,2.38,
Sant Andreu,1913,Ecuador,2011,-18.10787671,147370,1.30,
Sant Martí,2130,Ecuador,2011,-20.16491754,231158,0.92,
Ciutat Vella,485,Perú,2011,-7.969639469,103563,0.47,
Eixample,2449,Perú,2011,-6.669207317,264477,0.93,
Sants-Montjuïc,1945,Perú,2011,-7.380952381,182817,1.06,
Les Corts,462,Perú,2011,-10.63829787,82436,0.56,
Sarrià-Sant Gervasi,595,Perú,2011,-9.436834094,144554,0.41,
Gràcia,793,Perú,2011,1.277139208,121540,0.65,
Horta-Guinardó,1599,Perú,2011,-6.49122807,169896,0.94,
Nou Barris,1697,Perú,2011,-5.354155047,167637,1.01,
Sant Andreu,1786,Perú,2011,-8.41025641,147370,1.21,
Sant Martí,1866,Perú,2011,-10.33157136,231158,0.81,
Ciutat Vella,820,Colombia,2011,-2.264600715,103563,0.79,
Eixample,2354,Colombia,2011,0.90012859,264477,0.89,
Sants-Montjuïc,1713,Colombia,2011,-11.56427465,182817,0.94,
Les Corts,551,Colombia,2011,-2.650176678,82436,0.67,
Sarrià-Sant Gervasi,573,Colombia,2011,-2.385008518,144554,0.40,
Gràcia,819,Colombia,2011,-2.731591449,121540,0.67,
Horta-Guinardó,1449,Colombia,2011,-6.756756757,169896,0.85,
Nou Barris,1318,Colombia,2011,-1.641791045,167637,0.79,
Sant Andreu,974,Colombia,2011,-12.17312894,147370,0.66,
Sant Martí,1668,Colombia,2011,-13.03441084,231158,0.72,
Ciutat Vella,7336,Pakistán,2011,7.157464213,103563,7.08,
Eixample,1356,Pakistán,2011,10.06493506,264477,0.51,
Sants-Montjuïc,3635,Pakistán,2011,14.12872841,182817,1.99,
Les Corts,527,Pakistán,2011,-8.027923211,82436,0.64,
Sarrià-Sant Gervasi,476,Pakistán,2011,-10.52631579,144554,0.33,
Gràcia,688,Pakistán,2011,-3.641456583,121540,0.57,
Horta-Guinardó,1204,Pakistán,2011,13.37099812,169896,0.71,
Nou Barris,2332,Pakistán,2011,14.53831041,167637,1.39,
Sant Andreu,1836,Pakistán,2011,2,147370,1.25,
Sant Martí,3705,Pakistán,2011,9.098939929,231158,1.60,
Ciutat Vella,870,China,2011,-7.643312102,103563,0.84,
Eixample,4714,China,2011,8.59249021,264477,1.78,
Sants-Montjuïc,2280,China,2011,-0.393184797,182817,1.25,
Les Corts,402,China,2011,-0.495049505,82436,0.49,
Sarrià-Sant Gervasi,519,China,2011,2.976190476,144554,0.36,
Gràcia,695,China,2011,-2.797202797,121540,0.57,
Horta-Guinardó,835,China,2011,0.967351874,169896,0.49,
Nou Barris,1220,China,2011,-1.054339011,167637,0.73,
Sant Andreu,1508,China,2011,9.513435004,147370,1.02,
Sant Martí,2740,China,2011,1.669758813,231158,1.19,
Ciutat Vella,4746,Filipinas,2011,2.616216216,103563,4.58,
Eixample,1050,Filipinas,2011,9.717868339,264477,0.40,
Sants-Montjuïc,1566,Filipinas,2011,-4.161566707,182817,0.86,
Les Corts,72,Filipinas,2011,4.347826087,82436,0.09,
Sarrià-Sant Gervasi,309,Filipinas,2011,-0.961538462,144554,0.21,
Gràcia,90,Filipinas,2011,4.651162791,121540,0.07,
Horta-Guinardó,65,Filipinas,2011,-4.411764706,169896,0.04,
Nou Barris,75,Filipinas,2011,11.94029851,167637,0.04,
Sant Andreu,66,Filipinas,2011,-7.042253521,147370,0.04,
Sant Martí,148,Filipinas,2011,-7.5,231158,0.06,
Ciutat Vella,637,Rumanía,2011,5.813953488,103563,0.62,
Eixample,851,Rumanía,2011,-6.586169045,264477,0.32,
Sants-Montjuïc,1000,Rumanía,2011,-1.088031652,182817,0.55,
Les Corts,218,Rumanía,2011,-15.83011583,82436,0.26,
Sarrià-Sant Gervasi,255,Rumanía,2011,9.913793103,144554,0.18,
Gràcia,362,Rumanía,2011,-9.950248756,121540,0.30,
Horta-Guinardó,831,Rumanía,2011,0.120481928,169896,0.49,
Nou Barris,869,Rumanía,2011,-5.748373102,167637,0.52,
Sant Andreu,628,Rumanía,2011,-4.268292683,147370,0.43,
Sant Martí,1052,Rumanía,2011,0.669856459,231158,0.46,
Ciutat Vella,61437,España,2010,-0.797661914,104507,58.79,
Eixample,217719,España,2010,-0.356981039,265785,81.92,
Sants-Montjuïc,146302,España,2010,-0.103786855,182914,79.98,
Les Corts,72135,España,2010,-0.208892455,82883,87.03,
Sarrià-Sant Gervasi,127502,España,2010,0.449850706,144537,88.21,
Gràcia,102418,España,2010,-0.403566948,122990,83.27,
Horta-Guinardó,147542,España,2010,-0.295312173,170795,86.39,
Nou Barris,139362,España,2010,-0.429399198,167949,82.98,
Sant Andreu,126338,España,2010,0.078422674,146844,86.04,
Sant Martí,194435,España,2010,0.187560223,230133,84.49,
Ciutat Vella,3984,Italia,2010,-0.870863399,104507,3.81,
Eixample,5799,Italia,2010,0.276673007,265785,2.18,
Sants-Montjuïc,2263,Italia,2010,5.550373134,182914,1.24,
Les Corts,924,Italia,2010,-4.446742503,82883,1.11,
Sarrià-Sant Gervasi,2147,Italia,2010,0.093240093,144537,1.49,
Gràcia,2665,Italia,2010,3.174603175,122990,2.17,
Horta-Guinardó,1543,Italia,2010,-1.153106983,170795,0.90,
Nou Barris,693,Italia,2010,-6.351351351,167949,0.41,
Sant Andreu,888,Italia,2010,-4.103671706,146844,0.60,
Sant Martí,3059,Italia,2010,4.688569473,230133,1.33,
Ciutat Vella,2263,francia,2010,-1.779513889,104507,2.17,
Eixample,3237,francia,2010,-2.175883953,265785,1.22,
Sants-Montjuïc,1305,francia,2010,1.241272304,182914,0.71,
Les Corts,902,francia,2010,-5.25210084,82883,1.09,
Sarrià-Sant Gervasi,2039,francia,2010,-2.253116012,144537,1.41,
Gràcia,1427,francia,2010,-0.833912439,122990,1.16,
Horta-Guinardó,622,francia,2010,3.322259136,170795,0.36,
Nou Barris,237,francia,2010,-7.782101167,167949,0.14,
Sant Andreu,320,francia,2010,-3.903903904,146844,0.22,
Sant Martí,1376,francia,2010,2.91697831,230133,0.60,
Ciutat Vella,1281,Reino Unido,2010,-3.247734139,104507,1.23,
Eixample,1561,Reino Unido,2010,-4.75899939,265785,0.59,
Sants-Montjuïc,583,Reino Unido,2010,0.171821306,182914,0.32,
Les Corts,218,Reino Unido,2010,-8.403361345,82883,0.26,
Sarrià-Sant Gervasi,698,Reino Unido,2010,-6.933333333,144537,0.48,
Gràcia,759,Reino Unido,2010,-1.171875,122990,0.62,
Horta-Guinardó,296,Reino Unido,2010,5.338078292,170795,0.17,
Nou Barris,97,Reino Unido,2010,1.041666667,167949,0.06,
Sant Andreu,130,Reino Unido,2010,-4.411764706,146844,0.09,
Sant Martí,714,Reino Unido,2010,2.43902439,230133,0.31,
Ciutat Vella,3353,Marruecos,2010,-7.273230088,104507,3.21,
Eixample,1160,Marruecos,2010,-3.252710592,265785,0.44,
Sants-Montjuïc,2417,Marruecos,2010,-3.242594075,182914,1.32,
Les Corts,253,Marruecos,2010,28.42639594,82883,0.31,
Sarrià-Sant Gervasi,322,Marruecos,2010,-1.226993865,144537,0.22,
Gràcia,582,Marruecos,2010,-3.642384106,122990,0.47,
Horta-Guinardó,1022,Marruecos,2010,-2.387774594,170795,0.60,
Nou Barris,1770,Marruecos,2010,3.267211202,167949,1.05,
Sant Andreu,1521,Marruecos,2010,4.464285714,146844,1.04,
Sant Martí,2029,Marruecos,2010,-1.265206813,230133,0.88,
Ciutat Vella,1321,Bolivia,2010,-33.14777328,104507,1.26,
Eixample,1956,Bolivia,2010,-2.638128422,265785,0.74,
Sants-Montjuïc,2200,Bolivia,2010,-2.352418997,182914,1.20,
Les Corts,476,Bolivia,2010,-2.658486708,82883,0.57,
Sarrià-Sant Gervasi,776,Bolivia,2010,-10.3926097,144537,0.54,
Gràcia,965,Bolivia,2010,-5.76171875,122990,0.78,
Horta-Guinardó,1869,Bolivia,2010,-5.606060606,170795,1.09,
Nou Barris,2947,Bolivia,2010,-3.629823414,167949,1.75,
Sant Andreu,1476,Bolivia,2010,-6.166560712,146844,1.01,
Sant Martí,1857,Bolivia,2010,-5.109862034,230133,0.81,
Ciutat Vella,1201,Ecuador,2010,-11.23429416,104507,1.15,
Eixample,2020,Ecuador,2010,-12.93103448,265785,0.76,
Sants-Montjuïc,2901,Ecuador,2010,-8.225245176,182914,1.59,
Les Corts,421,Ecuador,2010,-4.318181818,82883,0.51,
Sarrià-Sant Gervasi,358,Ecuador,2010,-13.52657005,144537,0.25,
Gràcia,768,Ecuador,2010,-13.02378256,122990,0.62,
Horta-Guinardó,2218,Ecuador,2010,-10.42003231,170795,1.30,
Nou Barris,4850,Ecuador,2010,-7.336645013,167949,2.89,
Sant Andreu,2336,Ecuador,2010,-5.692369802,146844,1.59,
Sant Martí,2668,Ecuador,2010,-14.23979428,230133,1.16,
Ciutat Vella,527,Perú,2010,-8.665511265,104507,0.50,
Eixample,2624,Perú,2010,-2.958579882,265785,0.99,
Sants-Montjuïc,2100,Perú,2010,-7.448215073,182914,1.15,
Les Corts,517,Perú,2010,-1.897533207,82883,0.62,
Sarrià-Sant Gervasi,657,Perú,2010,-1.499250375,144537,0.45,
Gràcia,783,Perú,2010,-10.92150171,122990,0.64,
Horta-Guinardó,1710,Perú,2010,-3.93258427,170795,1.00,
Nou Barris,1793,Perú,2010,-4.066345639,167949,1.07,
Sant Andreu,1950,Perú,2010,-6.609195402,146844,1.33,
Sant Martí,2081,Perú,2010,-6.092057762,230133,0.90,
Ciutat Vella,839,Colombia,2010,-2.780996524,104507,0.80,
Eixample,2333,Colombia,2010,-0.25651988,265785,0.88,
Sants-Montjuïc,1937,Colombia,2010,-4.76892822,182914,1.06,
Les Corts,566,Colombia,2010,4.814814815,82883,0.68,
Sarrià-Sant Gervasi,587,Colombia,2010,-9.133126935,144537,0.41,
Gràcia,842,Colombia,2010,-3.881278539,122990,0.68,
Horta-Guinardó,1554,Colombia,2010,-7.938388626,170795,0.91,
Nou Barris,1340,Colombia,2010,-5.16631281,167949,0.80,
Sant Andreu,1109,Colombia,2010,-2.204585538,146844,0.76,
Sant Martí,1918,Colombia,2010,0.735294118,230133,0.83,
Ciutat Vella,6846,Pakistán,2010,2.423698384,104507,6.55,
Eixample,1232,Pakistán,2010,11.39240506,265785,0.46,
Sants-Montjuïc,3185,Pakistán,2010,12.42499118,182914,1.74,
Les Corts,573,Pakistán,2010,37.08133971,82883,0.69,
Sarrià-Sant Gervasi,532,Pakistán,2010,27.27272727,144537,0.37,
Gràcia,714,Pakistán,2010,31.97781885,122990,0.58,
Horta-Guinardó,1062,Pakistán,2010,28.41596131,170795,0.62,
Nou Barris,2036,Pakistán,2010,18.64801865,167949,1.21,
Sant Andreu,1800,Pakistán,2010,8.238123873,146844,1.23,
Sant Martí,3396,Pakistán,2010,8.359923421,230133,1.48,
Ciutat Vella,942,China,2010,-6.175298805,104507,0.90,
Eixample,4341,China,2010,-0.799817185,265785,1.63,
Sants-Montjuïc,2289,China,2010,1.328021248,182914,1.25,
Les Corts,404,China,2010,0.497512438,82883,0.49,
Sarrià-Sant Gervasi,504,China,2010,1.612903226,144537,0.35,
Gràcia,715,China,2010,-0.278940028,122990,0.58,
Horta-Guinardó,827,China,2010,11.75675676,170795,0.48,
Nou Barris,1233,China,2010,3.962900506,167949,0.73,
Sant Andreu,1377,China,2010,0,146844,0.94,
Sant Martí,2695,China,2010,4.538401862,230133,1.17,
Ciutat Vella,4625,Filipinas,2010,0.043261951,104507,4.43,
Eixample,957,Filipinas,2010,5.745856354,265785,0.36,
Sants-Montjuïc,1634,Filipinas,2010,6.172839506,182914,0.89,
Les Corts,69,Filipinas,2010,4.545454545,82883,0.08,
Sarrià-Sant Gervasi,312,Filipinas,2010,6.849315068,144537,0.22,
Gràcia,86,Filipinas,2010,-2.272727273,122990,0.07,
Horta-Guinardó,68,Filipinas,2010,9.677419355,170795,0.04,
Nou Barris,67,Filipinas,2010,3.076923077,167949,0.04,
Sant Andreu,71,Filipinas,2010,26.78571429,146844,0.05,
Sant Martí,160,Filipinas,2010,0,230133,0.07,
Ciutat Vella,602,Rumanía,2010,-22.62210797,104507,0.58,
Eixample,911,Rumanía,2010,1.109877913,265785,0.34,
Sants-Montjuïc,1011,Rumanía,2010,8.592910849,182914,0.55,
Les Corts,259,Rumanía,2010,-9.756097561,82883,0.31,
Sarrià-Sant Gervasi,232,Rumanía,2010,-4.132231405,144537,0.16,
Gràcia,402,Rumanía,2010,-4.057279236,122990,0.33,
Horta-Guinardó,830,Rumanía,2010,-5.034324943,170795,0.49,
Nou Barris,922,Rumanía,2010,-1.914893617,167949,0.55,
Sant Andreu,656,Rumanía,2010,9.151414309,146844,0.45,
Sant Martí,1045,Rumanía,2010,-2.70018622,230133,0.45,
Ciutat Vella,61931,España,2009,-0.613034198,107426,57.65,
Eixample,218499,España,2009,-0.480972877,266874,81.87,
Sants-Montjuïc,146454,España,2009,0.256024096,182395,80.29,
Les Corts,72286,España,2009,-0.394091385,82952,87.14,
Sarrià-Sant Gervasi,126931,España,2009,0.75888073,143911,88.20,
Gràcia,102833,España,2009,-0.426055213,123383,83.34,
Horta-Guinardó,147979,España,2009,0.133982041,171186,86.44,
Nou Barris,139963,España,2009,-0.136991188,168181,83.22,
Sant Andreu,126239,España,2009,0.060239531,146528,86.15,
Sant Martí,194071,España,2009,0.636265583,228701,84.86,
Ciutat Vella,4019,Italia,2009,12.82987086,107426,3.74,
Eixample,5783,Italia,2009,8.784800602,266874,2.17,
Sants-Montjuïc,2144,Italia,2009,6.986027944,182395,1.18,
Les Corts,967,Italia,2009,5.108695652,82952,1.17,
Sarrià-Sant Gervasi,2145,Italia,2009,4.992657856,143911,1.49,
Gràcia,2583,Italia,2009,9.217758985,123383,2.09,
Horta-Guinardó,1561,Italia,2009,15.03316139,171186,0.91,
Nou Barris,740,Italia,2009,5.263157895,168181,0.44,
Sant Andreu,926,Italia,2009,8.177570093,146528,0.63,
Sant Martí,2922,Italia,2009,15.53973903,228701,1.28,
Ciutat Vella,2304,francia,2009,10.50359712,107426,2.14,
Eixample,3309,francia,2009,5.786445013,266874,1.24,
Sants-Montjuïc,1289,francia,2009,11.12068966,182395,0.71,
Les Corts,952,francia,2009,6.013363029,82952,1.15,
Sarrià-Sant Gervasi,2086,francia,2009,7.415036045,143911,1.45,
Gràcia,1439,francia,2009,7.228017884,123383,1.17,
Horta-Guinardó,602,francia,2009,2.380952381,171186,0.35,
Nou Barris,257,francia,2009,7.531380753,168181,0.15,
Sant Andreu,333,francia,2009,9.539473684,146528,0.23,
Sant Martí,1337,francia,2009,12.63689975,228701,0.58,
Ciutat Vella,1324,Reino Unido,2009,5.666400638,107426,1.23,
Eixample,1639,Reino Unido,2009,7.264397906,266874,0.61,
Sants-Montjuïc,582,Reino Unido,2009,8.379888268,182395,0.32,
Les Corts,238,Reino Unido,2009,4.385964912,82952,0.29,
Sarrià-Sant Gervasi,750,Reino Unido,2009,3.448275862,143911,0.52,
Gràcia,768,Reino Unido,2009,9.714285714,123383,0.62,
Horta-Guinardó,281,Reino Unido,2009,-0.706713781,171186,0.16,
Nou Barris,96,Reino Unido,2009,-6.796116505,168181,0.06,
Sant Andreu,136,Reino Unido,2009,17.24137931,146528,0.09,
Sant Martí,697,Reino Unido,2009,11.16427432,228701,0.30,
Ciutat Vella,3616,Marruecos,2009,-5.587467363,107426,3.37,
Eixample,1199,Marruecos,2009,1.524132091,266874,0.45,
Sants-Montjuïc,2498,Marruecos,2009,-0.912336374,182395,1.37,
Les Corts,197,Marruecos,2009,7.650273224,82952,0.24,
Sarrià-Sant Gervasi,326,Marruecos,2009,12.80276817,143911,0.23,
Gràcia,604,Marruecos,2009,3.071672355,123383,0.49,
Horta-Guinardó,1047,Marruecos,2009,3.560830861,171186,0.61,
Nou Barris,1714,Marruecos,2009,8.687381103,168181,1.02,
Sant Andreu,1456,Marruecos,2009,4.148783977,146528,0.99,
Sant Martí,2055,Marruecos,2009,6.421543242,228701,0.90,
Ciutat Vella,1976,Bolivia,2009,-45.9370725,107426,1.84,
Eixample,2009,Bolivia,2009,4.580947423,266874,0.75,
Sants-Montjuïc,2253,Bolivia,2009,3.491042719,182395,1.24,
Les Corts,489,Bolivia,2009,0.410677618,82952,0.59,
Sarrià-Sant Gervasi,866,Bolivia,2009,5.481120585,143911,0.60,
Gràcia,1024,Bolivia,2009,-3.668861712,123383,0.83,
Horta-Guinardó,1980,Bolivia,2009,-2.077151335,171186,1.16,
Nou Barris,3058,Bolivia,2009,-1.003561023,168181,1.82,
Sant Andreu,1573,Bolivia,2009,3.418803419,146528,1.07,
Sant Martí,1957,Bolivia,2009,1.874023946,228701,0.86,
Ciutat Vella,1353,Ecuador,2009,-11.33682831,107426,1.26,
Eixample,2320,Ecuador,2009,-7.014028056,266874,0.87,
Sants-Montjuïc,3161,Ecuador,2009,-5.950609938,182395,1.73,
Les Corts,440,Ecuador,2009,0.456621005,82952,0.53,
Sarrià-Sant Gervasi,414,Ecuador,2009,-9.803921569,143911,0.29,
Gràcia,883,Ecuador,2009,-6.263269639,123383,0.72,
Horta-Guinardó,2476,Ecuador,2009,-7.646400597,171186,1.45,
Nou Barris,5234,Ecuador,2009,-5.557560447,168181,3.11,
Sant Andreu,2477,Ecuador,2009,-5.168453292,146528,1.69,
Sant Martí,3111,Ecuador,2009,-2.993451824,228701,1.36,
Ciutat Vella,577,Perú,2009,-9.133858268,107426,0.54,
Eixample,2704,Perú,2009,-1.421800948,266874,1.01,
Sants-Montjuïc,2269,Perú,2009,1.703272075,182395,1.24,
Les Corts,527,Perú,2009,1.737451737,82952,0.64,
Sarrià-Sant Gervasi,667,Perú,2009,-0.891530461,143911,0.46,
Gràcia,879,Perú,2009,-3.93442623,123383,0.71,
Horta-Guinardó,1780,Perú,2009,2.181400689,171186,1.04,
Nou Barris,1869,Perú,2009,3.71809101,168181,1.11,
Sant Andreu,2088,Perú,2009,-0.334128878,146528,1.42,
Sant Martí,2216,Perú,2009,2.308402585,228701,0.97,
Ciutat Vella,863,Colombia,2009,1.053864169,107426,0.80,
Eixample,2339,Colombia,2009,-1.722689076,266874,0.88,
Sants-Montjuïc,2034,Colombia,2009,0.394866732,182395,1.12,
Les Corts,540,Colombia,2009,-2.173913043,82952,0.65,
Sarrià-Sant Gervasi,646,Colombia,2009,-8.108108108,143911,0.45,
Gràcia,876,Colombia,2009,-2.232142857,123383,0.71,
Horta-Guinardó,1688,Colombia,2009,1.625526791,171186,0.99,
Nou Barris,1413,Colombia,2009,1.217765043,168181,0.84,
Sant Andreu,1134,Colombia,2009,1.612903226,146528,0.77,
Sant Martí,1904,Colombia,2009,3.141928494,228701,0.83,
Ciutat Vella,6684,Pakistán,2009,,107426,6.22,
Eixample,1106,Pakistán,2009,,266874,0.41,
Sants-Montjuïc,2833,Pakistán,2009,,182395,1.55,
Les Corts,418,Pakistán,2009,,82952,0.50,
Sarrià-Sant Gervasi,418,Pakistán,2009,,143911,0.29,
Gràcia,541,Pakistán,2009,,123383,0.44,
Horta-Guinardó,827,Pakistán,2009,,171186,0.48,
Nou Barris,1716,Pakistán,2009,,168181,1.02,
Sant Andreu,1663,Pakistán,2009,,146528,1.13,
Sant Martí,3134,Pakistán,2009,,228701,1.37,
Ciutat Vella,1004,China,2009,8.540540541,107426,0.93,
Eixample,4376,China,2009,7.307503678,266874,1.64,
Sants-Montjuïc,2259,China,2009,14.84494154,182395,1.24,
Les Corts,402,China,2009,16.1849711,82952,0.48,
Sarrià-Sant Gervasi,496,China,2009,5.307855626,143911,0.34,
Gràcia,717,China,2009,7.496251874,123383,0.58,
Horta-Guinardó,740,China,2009,11.61387632,171186,0.43,
Nou Barris,1186,China,2009,15.03394762,168181,0.71,
Sant Andreu,1377,China,2009,8.254716981,146528,0.94,
Sant Martí,2578,China,2009,4.28802589,228701,1.13,
Ciutat Vella,4623,Filipinas,2009,4.901293397,107426,4.30,
Eixample,905,Filipinas,2009,11.04294479,266874,0.34,
Sants-Montjuïc,1539,Filipinas,2009,3.846153846,182395,0.84,
Les Corts,66,Filipinas,2009,10,82952,0.08,
Sarrià-Sant Gervasi,292,Filipinas,2009,8.550185874,143911,0.20,
Gràcia,88,Filipinas,2009,18.91891892,123383,0.07,
Horta-Guinardó,62,Filipinas,2009,6.896551724,171186,0.04,
Nou Barris,65,Filipinas,2009,-1.515151515,168181,0.04,
Sant Andreu,56,Filipinas,2009,1.818181818,146528,0.04,
Sant Martí,160,Filipinas,2009,19.40298507,228701,0.07,
Ciutat Vella,778,Rumanía,2009,-0.638569604,107426,0.72,
Eixample,901,Rumanía,2009,5.257009346,266874,0.34,
Sants-Montjuïc,931,Rumanía,2009,7.630057803,182395,0.51,
Les Corts,287,Rumanía,2009,10.81081081,82952,0.35,
Sarrià-Sant Gervasi,242,Rumanía,2009,6.607929515,143911,0.17,
Gràcia,419,Rumanía,2009,9.399477807,123383,0.34,
Horta-Guinardó,874,Rumanía,2009,7.371007371,171186,0.51,
Nou Barris,940,Rumanía,2009,3.867403315,168181,0.56,
Sant Andreu,601,Rumanía,2009,7.70609319,146528,0.41,
Sant Martí,1074,Rumanía,2009,3.368623677,228701,0.47,
Ciutat Vella,62313,España,2008,-1.490767674,111636,55.82,
Eixample,219555,España,2008,-0.509787928,265866,82.58,
Sants-Montjuïc,146080,España,2008,-0.544662309,181432,80.52,
Les Corts,72572,España,2008,-0.475870486,82489,87.98,
Sarrià-Sant Gervasi,125975,España,2008,-0.221773395,142665,88.30,
Gràcia,103273,España,2008,-0.350264387,122088,84.59,
Horta-Guinardó,147781,España,2008,-0.483504939,170427,86.71,
Nou Barris,140155,España,2008,-0.808928647,167433,83.71,
Sant Andreu,126163,España,2008,-0.286109465,145443,86.74,
Sant Martí,192844,España,2008,-0.318412075,226429,85.17,
Ciutat Vella,3562,Italia,2008,12.33049511,111636,3.19,
Eixample,5316,Italia,2008,14.00386018,265866,2.00,
Sants-Montjuïc,2004,Italia,2008,13.60544218,181432,1.10,
Les Corts,920,Italia,2008,14.85642946,82489,1.12,
Sarrià-Sant Gervasi,2043,Italia,2008,9.309791332,142665,1.43,
Gràcia,2365,Italia,2008,16.84782609,122088,1.94,
Horta-Guinardó,1357,Italia,2008,15.39115646,170427,0.80,
Nou Barris,703,Italia,2008,16.77740864,167433,0.42,
Sant Andreu,856,Italia,2008,12.77997365,145443,0.59,
Sant Martí,2529,Italia,2008,18.56540084,226429,1.12,
Ciutat Vella,2085,francia,2008,15.44850498,111636,1.87,
Eixample,3128,francia,2008,13.00578035,265866,1.18,
Sants-Montjuïc,1160,francia,2008,17.52786221,181432,0.64,
Les Corts,898,francia,2008,11.69154229,82489,1.09,
Sarrià-Sant Gervasi,1942,francia,2008,4.072883173,142665,1.36,
Gràcia,1342,francia,2008,12.77310924,122088,1.10,
Horta-Guinardó,588,francia,2008,16.66666667,170427,0.35,
Nou Barris,239,francia,2008,14.35406699,167433,0.14,
Sant Andreu,304,francia,2008,19.21568627,145443,0.21,
Sant Martí,1187,francia,2008,12.19281664,226429,0.52,
Ciutat Vella,1253,Reino Unido,2008,6.820119352,111636,1.12,
Eixample,1528,Reino Unido,2008,10.08645533,265866,0.57,
Sants-Montjuïc,537,Reino Unido,2008,15.98272138,181432,0.30,
Les Corts,228,Reino Unido,2008,4.109589041,82489,0.28,
Sarrià-Sant Gervasi,725,Reino Unido,2008,5.994152047,142665,0.51,
Gràcia,700,Reino Unido,2008,3.703703704,122088,0.57,
Horta-Guinardó,283,Reino Unido,2008,8.429118774,170427,0.17,
Nou Barris,103,Reino Unido,2008,14.44444444,167433,0.06,
Sant Andreu,116,Reino Unido,2008,19.58762887,145443,0.08,
Sant Martí,627,Reino Unido,2008,11.17021277,226429,0.28,
Ciutat Vella,3830,Marruecos,2008,-1.643554186,111636,3.43,
Eixample,1181,Marruecos,2008,9.048938135,265866,0.44,
Sants-Montjuïc,2521,Marruecos,2008,11.20423467,181432,1.39,
Les Corts,183,Marruecos,2008,27.08333333,82489,0.22,
Sarrià-Sant Gervasi,289,Marruecos,2008,24.03433476,142665,0.20,
Gràcia,586,Marruecos,2008,17.2,122088,0.48,
Horta-Guinardó,1011,Marruecos,2008,18.94117647,170427,0.59,
Nou Barris,1577,Marruecos,2008,17.77445855,167433,0.94,
Sant Andreu,1398,Marruecos,2008,12.01923077,145443,0.96,
Sant Martí,1931,Marruecos,2008,9.965831435,226429,0.85,
Ciutat Vella,3655,Bolivia,2008,-29.88682141,111636,3.27,
Eixample,1921,Bolivia,2008,15.51413109,265866,0.72,
Sants-Montjuïc,2177,Bolivia,2008,13.09090909,181432,1.20,
Les Corts,487,Bolivia,2008,26.16580311,82489,0.59,
Sarrià-Sant Gervasi,821,Bolivia,2008,16.78520626,142665,0.58,
Gràcia,1063,Bolivia,2008,20.11299435,122088,0.87,
Horta-Guinardó,2022,Bolivia,2008,9.534127844,170427,1.19,
Nou Barris,3089,Bolivia,2008,5.42662116,167433,1.84,
Sant Andreu,1521,Bolivia,2008,14.87915408,145443,1.05,
Sant Martí,1921,Bolivia,2008,11.75101803,226429,0.85,
Ciutat Vella,1526,Ecuador,2008,-12.89954338,111636,1.37,
Eixample,2495,Ecuador,2008,-6.343843844,265866,0.94,
Sants-Montjuïc,3361,Ecuador,2008,-3.696275072,181432,1.85,
Les Corts,438,Ecuador,2008,-7.006369427,82489,0.53,
Sarrià-Sant Gervasi,459,Ecuador,2008,-5.942622951,142665,0.32,
Gràcia,942,Ecuador,2008,-5.705705706,122088,0.77,
Horta-Guinardó,2681,Ecuador,2008,1.322751323,170427,1.57,
Nou Barris,5542,Ecuador,2008,1.706735181,167433,3.31,
Sant Andreu,2612,Ecuador,2008,2.794175521,145443,1.80,
Sant Martí,3207,Ecuador,2008,-2.582017011,226429,1.42,
Ciutat Vella,635,Perú,2008,5.833333333,111636,0.57,
Eixample,2743,Perú,2008,1.479837218,265866,1.03,
Sants-Montjuïc,2231,Perú,2008,8.935546875,181432,1.23,
Les Corts,518,Perú,2008,13.84615385,82489,0.63,
Sarrià-Sant Gervasi,673,Perú,2008,8.899676375,142665,0.47,
Gràcia,915,Perú,2008,4.33295325,122088,0.75,
Horta-Guinardó,1742,Perú,2008,11.45233525,170427,1.02,
Nou Barris,1802,Perú,2008,11.7866005,167433,1.08,
Sant Andreu,2095,Perú,2008,10.84656085,145443,1.44,
Sant Martí,2166,Perú,2008,5.452775073,226429,0.96,
Ciutat Vella,854,Colombia,2008,-1.385681293,111636,0.76,
Eixample,2380,Colombia,2008,11.00746269,265866,0.90,
Sants-Montjuïc,2026,Colombia,2008,9.572742023,181432,1.12,
Les Corts,552,Colombia,2008,6.563706564,82489,0.67,
Sarrià-Sant Gervasi,703,Colombia,2008,8.992248062,142665,0.49,
Gràcia,896,Colombia,2008,7.821901324,122088,0.73,
Horta-Guinardó,1661,Colombia,2008,14.70994475,170427,0.97,
Nou Barris,1396,Colombia,2008,12.48992748,167433,0.83,
Sant Andreu,1116,Colombia,2008,17.22689076,145443,0.77,
Sant Martí,1846,Colombia,2008,11.0709988,226429,0.82,
Ciutat Vella,6357,Pakistán,2008,4.435682602,111636,5.69,
Eixample,891,Pakistán,2008,73.68421053,265866,0.34,
Sants-Montjuïc,2590,Pakistán,2008,20.74592075,181432,1.43,
Les Corts,299,Pakistán,2008,550,82489,0.36,
Sarrià-Sant Gervasi,249,Pakistán,2008,758.6206897,142665,0.17,
Gràcia,410,Pakistán,2008,159.4936709,122088,0.34,
Horta-Guinardó,586,Pakistán,2008,73.88724036,170427,0.34,
Nou Barris,1478,Pakistán,2008,39.04045155,167433,0.88,
Sant Andreu,1419,Pakistán,2008,45.38934426,145443,0.98,
Sant Martí,2810,Pakistán,2008,25.50245645,226429,1.24,
Ciutat Vella,925,China,2008,15.91478697,111636,0.83,
Eixample,4078,China,2008,16.68097282,265866,1.53,
Sants-Montjuïc,1967,China,2008,15.09654769,181432,1.08,
Les Corts,346,China,2008,17.28813559,82489,0.42,
Sarrià-Sant Gervasi,471,China,2008,14.32038835,142665,0.33,
Gràcia,667,China,2008,28.51637765,122088,0.55,
Horta-Guinardó,663,China,2008,32.33532934,170427,0.39,
Nou Barris,1031,China,2008,31.17048346,167433,0.62,
Sant Andreu,1272,China,2008,29.26829268,145443,0.87,
Sant Martí,2472,China,2008,29.83193277,226429,1.09,
Ciutat Vella,4407,Filipinas,2008,14.61638492,111636,3.95,
Eixample,815,Filipinas,2008,10.73369565,265866,0.31,
Sants-Montjuïc,1482,Filipinas,2008,26.45051195,181432,0.82,
Les Corts,60,Filipinas,2008,27.65957447,82489,0.07,
Sarrià-Sant Gervasi,269,Filipinas,2008,25.70093458,142665,0.19,
Gràcia,74,Filipinas,2008,-1.333333333,122088,0.06,
Horta-Guinardó,58,Filipinas,2008,5.454545455,170427,0.03,
Nou Barris,66,Filipinas,2008,26.92307692,167433,0.04,
Sant Andreu,55,Filipinas,2008,-6.779661017,145443,0.04,
Sant Martí,134,Filipinas,2008,31.37254902,226429,0.06,
Ciutat Vella,783,Rumanía,2008,6.967213115,111636,0.70,
Eixample,856,Rumanía,2008,16.30434783,265866,0.32,
Sants-Montjuïc,865,Rumanía,2008,16.73414305,181432,0.48,
Les Corts,259,Rumanía,2008,10.68376068,82489,0.31,
Sarrià-Sant Gervasi,227,Rumanía,2008,10.73170732,142665,0.16,
Gràcia,383,Rumanía,2008,24.35064935,122088,0.31,
Horta-Guinardó,814,Rumanía,2008,18.65889213,170427,0.48,
Nou Barris,905,Rumanía,2008,16.9250646,167433,0.54,
Sant Andreu,558,Rumanía,2008,16.00831601,145443,0.38,
Sant Martí,1039,Rumanía,2008,17.66704417,226429,0.46,
Ciutat Vella,63256,España,2007,-2.322421248,111518,56.72,
Eixample,220680,España,2007,-1.324879384,262469,84.08,
Sants-Montjuïc,146880,España,2007,-1.433403124,178482,82.29,
Les Corts,72919,España,2007,-1.364841467,81628,89.33,
Sarrià-Sant Gervasi,126255,España,2007,-0.353582788,141091,89.48,
Gràcia,103636,España,2007,-1.194596192,120177,86.24,
Horta-Guinardó,148499,España,2007,-1.359717296,168541,88.11,
Nou Barris,141298,España,2007,-1.679064233,164982,85.64,
Sant Andreu,126525,España,2007,-0.991454864,143148,88.39,
Sant Martí,193460,España,2007,-0.766334623,223074,86.72,
Ciutat Vella,3171,Italia,2007,20.8,111518,2.84,
Eixample,4663,Italia,2007,19.8714653,262469,1.78,
Sants-Montjuïc,1764,Italia,2007,22.24532225,178482,0.99,
Les Corts,801,Italia,2007,8.68385346,81628,0.98,
Sarrià-Sant Gervasi,1869,Italia,2007,10.72274882,141091,1.32,
Gràcia,2024,Italia,2007,18.84908984,120177,1.68,
Horta-Guinardó,1176,Italia,2007,16.43564356,168541,0.70,
Nou Barris,602,Italia,2007,10.4587156,164982,0.36,
Sant Andreu,759,Italia,2007,13.4529148,143148,0.53,
Sant Martí,2133,Italia,2007,21.81610508,223074,0.96,
Ciutat Vella,1806,francia,2007,22.35772358,111518,1.62,
Eixample,2768,francia,2007,19.31034483,262469,1.05,
Sants-Montjuïc,987,francia,2007,18.91566265,178482,0.55,
Les Corts,804,francia,2007,6.914893617,81628,0.98,
Sarrià-Sant Gervasi,1866,francia,2007,10.93935791,141091,1.32,
Gràcia,1190,francia,2007,20.2020202,120177,0.99,
Horta-Guinardó,504,francia,2007,8.154506438,168541,0.30,
Nou Barris,209,francia,2007,14.20765027,164982,0.13,
Sant Andreu,255,francia,2007,9.913793103,143148,0.18,
Sant Martí,1058,francia,2007,20.50113895,223074,0.47,
Ciutat Vella,1173,Reino Unido,2007,13.44294004,111518,1.05,
Eixample,1388,Reino Unido,2007,9.984152139,262469,0.53,
Sants-Montjuïc,463,Reino Unido,2007,19.02313625,178482,0.26,
Les Corts,219,Reino Unido,2007,10.05025126,81628,0.27,
Sarrià-Sant Gervasi,684,Reino Unido,2007,5.882352941,141091,0.48,
Gràcia,675,Reino Unido,2007,9.577922078,120177,0.56,
Horta-Guinardó,261,Reino Unido,2007,13.97379913,168541,0.15,
Nou Barris,90,Reino Unido,2007,11.11111111,164982,0.05,
Sant Andreu,97,Reino Unido,2007,-1.020408163,143148,0.07,
Sant Martí,564,Reino Unido,2007,13.93939394,223074,0.25,
Ciutat Vella,3894,Marruecos,2007,-26.0960334,111518,3.49,
Eixample,1083,Marruecos,2007,-19.17910448,262469,0.41,
Sants-Montjuïc,2267,Marruecos,2007,-11.1677116,178482,1.27,
Les Corts,144,Marruecos,2007,-26.15384615,81628,0.18,
Sarrià-Sant Gervasi,233,Marruecos,2007,-14.96350365,141091,0.17,
Gràcia,500,Marruecos,2007,-12.58741259,120177,0.42,
Horta-Guinardó,850,Marruecos,2007,7.323232323,168541,0.50,
Nou Barris,1339,Marruecos,2007,-3.945480631,164982,0.81,
Sant Andreu,1248,Marruecos,2007,-7.349665924,143148,0.87,
Sant Martí,1756,Marruecos,2007,-7.82152231,223074,0.79,
Ciutat Vella,5213,Bolivia,2007,29.96758913,111518,4.67,
Eixample,1663,Bolivia,2007,14.21703297,262469,0.63,
Sants-Montjuïc,1925,Bolivia,2007,22.45547074,178482,1.08,
Les Corts,386,Bolivia,2007,34.49477352,81628,0.47,
Sarrià-Sant Gervasi,703,Bolivia,2007,7.164634146,141091,0.50,
Gràcia,885,Bolivia,2007,26.24821683,120177,0.74,
Horta-Guinardó,1846,Bolivia,2007,43.21179209,168541,1.10,
Nou Barris,2930,Bolivia,2007,34.40366972,164982,1.78,
Sant Andreu,1324,Bolivia,2007,40.70138151,143148,0.92,
Sant Martí,1719,Bolivia,2007,30.72243346,223074,0.77,
Ciutat Vella,1752,Ecuador,2007,-33.88679245,111518,1.57,
Eixample,2664,Ecuador,2007,-27.76572668,262469,1.01,
Sants-Montjuïc,3490,Ecuador,2007,-20.37417294,178482,1.96,
Les Corts,471,Ecuador,2007,-24.51923077,81628,0.58,
Sarrià-Sant Gervasi,488,Ecuador,2007,-27.48885587,141091,0.35,
Gràcia,999,Ecuador,2007,-30.38327526,120177,0.83,
Horta-Guinardó,2646,Ecuador,2007,-14.67268623,168541,1.57,
Nou Barris,5449,Ecuador,2007,-8.772810983,164982,3.30,
Sant Andreu,2541,Ecuador,2007,-14.18439716,143148,1.78,
Sant Martí,3292,Ecuador,2007,-18.4946769,223074,1.48,
Ciutat Vella,600,Perú,2007,-18.80920162,111518,0.54,
Eixample,2703,Perú,2007,-12.46761658,262469,1.03,
Sants-Montjuïc,2048,Perú,2007,-12.21603086,178482,1.15,
Les Corts,455,Perú,2007,-9,81628,0.56,
Sarrià-Sant Gervasi,618,Perú,2007,-18.25396825,141091,0.44,
Gràcia,877,Perú,2007,-11.85929648,120177,0.73,
Horta-Guinardó,1563,Perú,2007,-2.495321273,168541,0.93,
Nou Barris,1612,Perú,2007,-0.247524752,164982,0.98,
Sant Andreu,1890,Perú,2007,-2.527075812,143148,1.32,
Sant Martí,2054,Perú,2007,-3.973819542,223074,0.92,
Ciutat Vella,866,Colombia,2007,-26.54792197,111518,0.78,
Eixample,2144,Colombia,2007,-16.93142193,262469,0.82,
Sants-Montjuïc,1849,Colombia,2007,-15.10560147,178482,1.04,
Les Corts,518,Colombia,2007,-18.16745656,81628,0.63,
Sarrià-Sant Gervasi,645,Colombia,2007,-24.20681551,141091,0.46,
Gràcia,831,Colombia,2007,-19.71014493,120177,0.69,
Horta-Guinardó,1448,Colombia,2007,-8.121827411,168541,0.86,
Nou Barris,1241,Colombia,2007,-3.424124514,164982,0.75,
Sant Andreu,952,Colombia,2007,-10.01890359,143148,0.67,
Sant Martí,1662,Colombia,2007,-9.279475983,223074,0.75,
Ciutat Vella,6087,Pakistán,2007,-14.18299732,111518,5.46,
Eixample,513,Pakistán,2007,-13.49072513,262469,0.20,
Sants-Montjuïc,2145,Pakistán,2007,-9.14866582,178482,1.20,
Les Corts,46,Pakistán,2007,12.19512195,81628,0.06,
Sarrià-Sant Gervasi,29,Pakistán,2007,141.6666667,141091,0.02,
Gràcia,158,Pakistán,2007,35.04273504,120177,0.13,
Horta-Guinardó,337,Pakistán,2007,12.7090301,168541,0.20,
Nou Barris,1063,Pakistán,2007,2.309913378,164982,0.64,
Sant Andreu,976,Pakistán,2007,2.092050209,143148,0.68,
Sant Martí,2239,Pakistán,2007,1.495920218,223074,1.00,
Ciutat Vella,798,China,2007,-25.14071295,111518,0.72,
Eixample,3495,China,2007,-4.351395731,262469,1.33,
Sants-Montjuïc,1709,China,2007,-6.967882417,178482,0.96,
Les Corts,295,China,2007,2.076124567,81628,0.36,
Sarrià-Sant Gervasi,412,China,2007,-6.997742664,141091,0.29,
Gràcia,519,China,2007,-3.710575139,120177,0.43,
Horta-Guinardó,501,China,2007,-2.339181287,168541,0.30,
Nou Barris,786,China,2007,-7.4204947,164982,0.48,
Sant Andreu,984,China,2007,-3.529411765,143148,0.69,
Sant Martí,1904,China,2007,-12.78057719,223074,0.85,
Ciutat Vella,3845,Filipinas,2007,-5.898188938,111518,3.45,
Eixample,736,Filipinas,2007,-17.94871795,262469,0.28,
Sants-Montjuïc,1172,Filipinas,2007,13.23671498,178482,0.66,
Les Corts,47,Filipinas,2007,-14.54545455,81628,0.06,
Sarrià-Sant Gervasi,214,Filipinas,2007,-20.14925373,141091,0.15,
Gràcia,75,Filipinas,2007,-3.846153846,120177,0.06,
Horta-Guinardó,55,Filipinas,2007,5.769230769,168541,0.03,
Nou Barris,52,Filipinas,2007,-5.454545455,164982,0.03,
Sant Andreu,59,Filipinas,2007,3.50877193,143148,0.04,
Sant Martí,102,Filipinas,2007,13.33333333,223074,0.05,
Ciutat Vella,732,Rumanía,2007,-15.47344111,111518,0.66,
Eixample,736,Rumanía,2007,15.90551181,262469,0.28,
Sants-Montjuïc,741,Rumanía,2007,4.513399154,178482,0.42,
Les Corts,234,Rumanía,2007,12.5,81628,0.29,
Sarrià-Sant Gervasi,205,Rumanía,2007,19.18604651,141091,0.15,
Gràcia,308,Rumanía,2007,-3.75,120177,0.26,
Horta-Guinardó,686,Rumanía,2007,17.66723842,168541,0.41,
Nou Barris,774,Rumanía,2007,12.17391304,164982,0.47,
Sant Andreu,481,Rumanía,2007,18.7654321,143148,0.34,
Sant Martí,883,Rumanía,2007,24.19127989,223074,0.40,
Ciutat Vella,64760,España,2006,,113154,57.23,
Eixample,223643,España,2006,,265561,84.22,
Sants-Montjuïc,149016,España,2006,,180044,82.77,
Les Corts,73928,España,2006,,82745,89.34,
Sarrià-Sant Gervasi,126703,España,2006,,141469,89.56,
Gràcia,104889,España,2006,,121245,86.51,
Horta-Guinardó,150546,España,2006,,169774,88.67,
Nou Barris,143711,España,2006,,165156,87.02,
Sant Andreu,127792,España,2006,,143540,89.03,
Sant Martí,194954,España,2006,,222914,87.46,
Ciutat Vella,2625,Italia,2006,,113154,2.32,
Eixample,3890,Italia,2006,,265561,1.46,
Sants-Montjuïc,1443,Italia,2006,,180044,0.80,
Les Corts,737,Italia,2006,,82745,0.89,
Sarrià-Sant Gervasi,1688,Italia,2006,,141469,1.19,
Gràcia,1703,Italia,2006,,121245,1.40,
Horta-Guinardó,1010,Italia,2006,,169774,0.59,
Nou Barris,545,Italia,2006,,165156,0.33,
Sant Andreu,669,Italia,2006,,143540,0.47,
Sant Martí,1751,Italia,2006,,222914,0.79,
Ciutat Vella,1476,francia,2006,,113154,1.30,
Eixample,2320,francia,2006,,265561,0.87,
Sants-Montjuïc,830,francia,2006,,180044,0.46,
Les Corts,752,francia,2006,,82745,0.91,
Sarrià-Sant Gervasi,1682,francia,2006,,141469,1.19,
Gràcia,990,francia,2006,,121245,0.82,
Horta-Guinardó,466,francia,2006,,169774,0.27,
Nou Barris,183,francia,2006,,165156,0.11,
Sant Andreu,232,francia,2006,,143540,0.16,
Sant Martí,878,francia,2006,,222914,0.39,
Ciutat Vella,1034,Reino Unido,2006,,113154,0.91,
Eixample,1262,Reino Unido,2006,,265561,0.48,
Sants-Montjuïc,389,Reino Unido,2006,,180044,0.22,
Les Corts,199,Reino Unido,2006,,82745,0.24,
Sarrià-Sant Gervasi,646,Reino Unido,2006,,141469,0.46,
Gràcia,616,Reino Unido,2006,,121245,0.51,
Horta-Guinardó,229,Reino Unido,2006,,169774,0.13,
Nou Barris,81,Reino Unido,2006,,165156,0.05,
Sant Andreu,98,Reino Unido,2006,,143540,0.07,
Sant Martí,495,Reino Unido,2006,,222914,0.22,
Ciutat Vella,5269,Marruecos,2006,,113154,4.66,
Eixample,1340,Marruecos,2006,,265561,0.50,
Sants-Montjuïc,2552,Marruecos,2006,,180044,1.42,
Les Corts,195,Marruecos,2006,,82745,0.24,
Sarrià-Sant Gervasi,274,Marruecos,2006,,141469,0.19,
Gràcia,572,Marruecos,2006,,121245,0.47,
Horta-Guinardó,792,Marruecos,2006,,169774,0.47,
Nou Barris,1394,Marruecos,2006,,165156,0.84,
Sant Andreu,1347,Marruecos,2006,,143540,0.94,
Sant Martí,1905,Marruecos,2006,,222914,0.85,
Ciutat Vella,4011,Bolivia,2006,,113154,3.54,
Eixample,1456,Bolivia,2006,,265561,0.55,
Sants-Montjuïc,1572,Bolivia,2006,,180044,0.87,
Les Corts,287,Bolivia,2006,,82745,0.35,
Sarrià-Sant Gervasi,656,Bolivia,2006,,141469,0.46,
Gràcia,701,Bolivia,2006,,121245,0.58,
Horta-Guinardó,1289,Bolivia,2006,,169774,0.76,
Nou Barris,2180,Bolivia,2006,,165156,1.32,
Sant Andreu,941,Bolivia,2006,,143540,0.66,
Sant Martí,1315,Bolivia,2006,,222914,0.59,
Ciutat Vella,2650,Ecuador,2006,,113154,2.34,
Eixample,3688,Ecuador,2006,,265561,1.39,
Sants-Montjuïc,4383,Ecuador,2006,,180044,2.43,
Les Corts,624,Ecuador,2006,,82745,0.75,
Sarrià-Sant Gervasi,673,Ecuador,2006,,141469,0.48,
Gràcia,1435,Ecuador,2006,,121245,1.18,
Horta-Guinardó,3101,Ecuador,2006,,169774,1.83,
Nou Barris,5973,Ecuador,2006,,165156,3.62,
Sant Andreu,2961,Ecuador,2006,,143540,2.06,
Sant Martí,4039,Ecuador,2006,,222914,1.81,
Ciutat Vella,739,Perú,2006,,113154,0.65,
Eixample,3088,Perú,2006,,265561,1.16,
Sants-Montjuïc,2333,Perú,2006,,180044,1.30,
Les Corts,500,Perú,2006,,82745,0.60,
Sarrià-Sant Gervasi,756,Perú,2006,,141469,0.53,
Gràcia,995,Perú,2006,,121245,0.82,
Horta-Guinardó,1603,Perú,2006,,169774,0.94,
Nou Barris,1616,Perú,2006,,165156,0.98,
Sant Andreu,1939,Perú,2006,,143540,1.35,
Sant Martí,2139,Perú,2006,,222914,0.96,
Ciutat Vella,1179,Colombia,2006,,113154,1.04,
Eixample,2581,Colombia,2006,,265561,0.97,
Sants-Montjuïc,2178,Colombia,2006,,180044,1.21,
Les Corts,633,Colombia,2006,,82745,0.77,
Sarrià-Sant Gervasi,851,Colombia,2006,,141469,0.60,
Gràcia,1035,Colombia,2006,,121245,0.85,
Horta-Guinardó,1576,Colombia,2006,,169774,0.93,
Nou Barris,1285,Colombia,2006,,165156,0.78,
Sant Andreu,1058,Colombia,2006,,143540,0.74,
Sant Martí,1832,Colombia,2006,,222914,0.82,
Ciutat Vella,7093,Pakistán,2006,,113154,6.27,
Eixample,593,Pakistán,2006,,265561,0.22,
Sants-Montjuïc,2361,Pakistán,2006,,180044,1.31,
Les Corts,41,Pakistán,2006,,82745,0.05,
Sarrià-Sant Gervasi,12,Pakistán,2006,,141469,0.01,
Gràcia,117,Pakistán,2006,,121245,0.10,
Horta-Guinardó,299,Pakistán,2006,,169774,0.18,
Nou Barris,1039,Pakistán,2006,,165156,0.63,
Sant Andreu,956,Pakistán,2006,,143540,0.67,
Sant Martí,2206,Pakistán,2006,,222914,0.99,
Ciutat Vella,1066,China,2006,,113154,0.94,
Eixample,3654,China,2006,,265561,1.38,
Sants-Montjuïc,1837,China,2006,,180044,1.02,
Les Corts,289,China,2006,,82745,0.35,
Sarrià-Sant Gervasi,443,China,2006,,141469,0.31,
Gràcia,539,China,2006,,121245,0.44,
Horta-Guinardó,513,China,2006,,169774,0.30,
Nou Barris,849,China,2006,,165156,0.51,
Sant Andreu,1020,China,2006,,143540,0.71,
Sant Martí,2183,China,2006,,222914,0.98,
Ciutat Vella,4086,Filipinas,2006,,113154,3.61,
Eixample,897,Filipinas,2006,,265561,0.34,
Sants-Montjuïc,1035,Filipinas,2006,,180044,0.57,
Les Corts,55,Filipinas,2006,,82745,0.07,
Sarrià-Sant Gervasi,268,Filipinas,2006,,141469,0.19,
Gràcia,78,Filipinas,2006,,121245,0.06,
Horta-Guinardó,52,Filipinas,2006,,169774,0.03,
Nou Barris,55,Filipinas,2006,,165156,0.03,
Sant Andreu,57,Filipinas,2006,,143540,0.04,
Sant Martí,90,Filipinas,2006,,222914,0.04,
Ciutat Vella,866,Rumanía,2006,,113154,0.77,
Eixample,635,Rumanía,2006,,265561,0.24,
Sants-Montjuïc,709,Rumanía,2006,,180044,0.39,
Les Corts,208,Rumanía,2006,,82745,0.25,
Sarrià-Sant Gervasi,172,Rumanía,2006,,141469,0.12,
Gràcia,320,Rumanía,2006,,121245,0.26,
Horta-Guinardó,583,Rumanía,2006,,169774,0.34,
Nou Barris,690,Rumanía,2006,,165156,0.42,
Sant Andreu,405,Rumanía,2006,,143540,0.28,
Sant Martí,711,Rumanía,2006,,222914,0.32,
Barcelona,1342637,España,2016,-0.307918716,1608746,83.46,
Barcelona,26993,Italia,2016,7.140589029,1608746,1.68,
Barcelona,13671,francia,2016,7.105922908,1608746,0.85,
Barcelona,6980,Reino Unido,2016,6.386221613,1608746,0.43,
Barcelona,12552,Marruecos,2016,-2.059925094,1608746,0.78,
Barcelona,9280,Bolivia,2016,-4.003310231,1608746,0.58,
Barcelona,8108,Ecuador,2016,-1.134008048,1608746,0.50,
Barcelona,7955,Perú,2016,-2.056143807,1608746,0.49,
Barcelona,7930,Colombia,2016,0.214836345,1608746,0.49,
Barcelona,19192,Pakistán,2016,-3.212466589,1608746,1.19,
Barcelona,18448,China,2016,1.318101933,1608746,1.15,
Barcelona,8682,Filipinas,2016,0.497742794,1608746,0.54,
Barcelona,7029,Rumanía,2016,3.185554903,1604555,0.44,
Barcelona,1346784,España,2015,0.12631172,1604555,83.94,
Barcelona,25194,Italia,2015,-3.215397027,1604555,1.57,
Barcelona,12764,francia,2015,-5.738128646,1604555,0.80,
Barcelona,6561,Reino Unido,2015,-5.501944404,1604555,0.41,
Barcelona,12816,Marruecos,2015,-1.004171173,1604555,0.80,
Barcelona,9667,Bolivia,2015,-8.689902711,1604555,0.60,
Barcelona,8201,Ecuador,2015,-11.10990679,1604555,0.51,
Barcelona,8122,Perú,2015,-8.843995511,1604555,0.51,
Barcelona,7913,Colombia,2015,-4.616682739,1604555,0.49,
Barcelona,19829,Pakistán,2015,-4.525976215,1604555,1.24,
Barcelona,18208,China,2015,4.987603068,1604555,1.13,
Barcelona,8639,Filipinas,2015,-0.115620303,1604555,0.54,
Barcelona,6812,Rumanía,2015,-8.292945611,1604555,0.42,
Barcelona,1345085,España,2014,1.220514333,1602386,83.94,
Barcelona,26031,Italia,2014,4.203194428,1602386,1.62,
Barcelona,13541,francia,2014,3.287566743,1602386,0.85,
Barcelona,6943,Reino Unido,2014,5.677321157,1602386,0.43,
Barcelona,12946,Marruecos,2014,-3.925788497,1602386,0.81,
Barcelona,10587,Bolivia,2014,-21.14553851,1602386,0.66,
Barcelona,9226,Ecuador,2014,-29.68523741,1602386,0.58,
Barcelona,8910,Perú,2014,-27.03897805,1602386,0.56,
Barcelona,8296,Colombia,2014,-26.17246596,1602386,0.52,
Barcelona,20769,Pakistán,2014,-6.907216495,1602386,1.30,
Barcelona,17343,China,2014,2.925816024,1602386,1.08,
Barcelona,8649,Filipinas,2014,-3.696693019,1602386,0.54,
Barcelona,7428,Rumanía,2014,1.711625359,1602386,0.46,
Barcelona,1328866,España,2013,-0.313866697,1611822,82.44,
Barcelona,24981,Italia,2013,5.48072457,1611822,1.55,
Barcelona,13110,francia,2013,6.119475474,1611822,0.81,
Barcelona,6570,Reino Unido,2013,9.463512163,1611822,0.41,
Barcelona,13475,Marruecos,2013,-1.706907871,1611822,0.84,
Barcelona,13426,Bolivia,2013,-4.678736244,1611822,0.83,
Barcelona,13121,Ecuador,2013,-9.963631373,1611822,0.81,
Barcelona,12212,Perú,2013,-7.986738999,1611822,0.76,
Barcelona,11237,Colombia,2013,-6.83193765,1611822,0.70,
Barcelona,22310,Pakistán,2013,-7.296601014,1611822,1.38,
Barcelona,16850,China,2013,2.863073072,1611822,1.05,
Barcelona,8981,Filipinas,2013,2.511128867,1611822,0.56,
Barcelona,7303,Rumanía,2013,3.354090008,1611822,0.45,
Barcelona,1333050,España,2012,-0.23984943,1620943,82.24,
Barcelona,23683,Italia,2012,6.182747489,1620943,1.46,
Barcelona,12354,francia,2012,7.174459964,1620943,0.76,
Barcelona,6002,Reino Unido,2012,9.326047359,1620943,0.37,
Barcelona,13709,Marruecos,2012,0.927630126,1620943,0.85,
Barcelona,14085,Bolivia,2012,-4.385309891,1620943,0.87,
Barcelona,14573,Ecuador,2012,-9.624806202,1620943,0.90,
Barcelona,13272,Perú,2012,-2.961175696,1620943,0.82,
Barcelona,12061,Colombia,2012,-1.454367187,1620943,0.74,
Barcelona,24066,Pakistán,2012,4.204373241,1620943,1.48,
Barcelona,16381,China,2012,3.788886777,1620943,1.01,
Barcelona,8761,Filipinas,2012,7.011115183,1620943,0.54,
Barcelona,7066,Rumanía,2012,5.415485603,1620943,0.44,
Barcelona,1336255,España,2011,0.079763929,1615448,82.72,
Barcelona,22304,Italia,2011,-6.930940956,1615448,1.38,
Barcelona,11527,francia,2011,-16.03292541,1615448,0.71,
Barcelona,5490,Reino Unido,2011,-13.36594603,1615448,0.34,
Barcelona,13583,Marruecos,2011,-5.863192182,1615448,0.84,
Barcelona,14731,Bolivia,2011,-7.018872688,1615448,0.91,
Barcelona,16125,Ecuador,2011,-18.31720784,1615448,1.00,
Barcelona,13677,Perú,2011,-7.224257224,1615448,0.85,
Barcelona,12239,Colombia,2011,-6.034548944,1615448,0.76,
Barcelona,23095,Pakistán,2011,8.041729042,1615448,1.43,
Barcelona,15783,China,2011,2.975141906,1615448,0.98,
Barcelona,8187,Filipinas,2011,1.714498695,1615448,0.51,
Barcelona,6703,Rumanía,2011,-2.430858806,1615448,0.41,
Barcelona,1335190,España,2010,-0.149268688,1619337,82.45,
Barcelona,23965,Italia,2010,0.735603195,1619337,1.48,
Barcelona,13728,francia,2010,-1.294219154,1619337,0.85,
Barcelona,6337,Reino Unido,2010,-2.672400553,1619337,0.39,
Barcelona,14429,Marruecos,2010,-1.923599782,1619337,0.89,
Barcelona,15843,Bolivia,2010,-7.809135874,1619337,0.98,
Barcelona,19741,Ecuador,2010,-9.730668983,1619337,1.22,
Barcelona,14742,Perú,2010,-5.354391371,1619337,0.91,
Barcelona,13025,Colombia,2010,-3.066160601,1619337,0.80,
Barcelona,21376,Pakistán,2010,10.52740434,1619337,1.32,
Barcelona,15327,China,2010,1.268582755,1619337,0.95,
Barcelona,8049,Filipinas,2010,2.456720978,1619337,0.50,
Barcelona,6870,Rumanía,2010,-2.511707109,1619337,0.42,
Barcelona,1337186,España,2009,0.035534981,1621537,82.46,
Barcelona,23790,Italia,2009,9.85915493,1621537,1.47,
Barcelona,13908,francia,2009,8.040083897,1621537,0.86,
Barcelona,6511,Reino Unido,2009,6.737704918,1621537,0.40,
Barcelona,14712,Marruecos,2009,1.413110912,1621537,0.91,
Barcelona,17185,Bolivia,2009,-7.988434973,1621537,1.06,
Barcelona,21869,Ecuador,2009,-5.992348364,1621537,1.35,
Barcelona,15576,Perú,2009,0.360824742,1621537,0.96,
Barcelona,13437,Colombia,2009,0.052122115,1621537,0.83,
Barcelona,19340,Pakistán,2009,13.17221605,1621537,1.19,
Barcelona,15135,China,2009,8.947595739,1621537,0.93,
Barcelona,7856,Filipinas,2009,5.876010782,1621537,0.48,
Barcelona,7047,Rumanía,2009,5.352070564,1621537,0.43,
Barcelona,1336711,España,2008,-0.498508272,1615908,82.72,
Barcelona,21655,Italia,2008,14.20208839,1615908,1.34,
Barcelona,12873,francia,2008,12.45741242,1615908,0.80,
Barcelona,6100,Reino Unido,2008,8.656929106,1615908,0.38,
Barcelona,14507,Marruecos,2008,8.960492714,1615908,0.90,
Barcelona,18677,Bolivia,2008,0.446380553,1615908,1.16,
Barcelona,23263,Ecuador,2008,-2.223436449,1615908,1.44,
Barcelona,15520,Perú,2008,7.628294036,1615908,0.96,
Barcelona,13430,Colombia,2008,10.48042119,1615908,0.83,
Barcelona,17089,Pakistán,2008,25.71912014,1615908,1.06,
Barcelona,13892,China,2008,21.82758923,1615908,0.86,
Barcelona,7420,Filipinas,2008,16.72172408,1615908,0.46,
Barcelona,6689,Rumanía,2008,15.7266436,1615908,0.41,
Barcelona,1343408,España,2007,-1.215787144,1595110,84.22,
Barcelona,18962,Italia,2007,18.06238715,1595110,1.19,
Barcelona,11447,francia,2007,16.69894994,1595110,0.72,
Barcelona,5614,Reino Unido,2007,11.19033472,1595110,0.35,
Barcelona,13314,Marruecos,2007,-14.87212276,1595110,0.83,
Barcelona,18594,Bolivia,2007,29.05330372,1595110,1.17,
Barcelona,23792,Ecuador,2007,-19.42290107,1595110,1.49,
Barcelona,14420,Perú,2007,-8.199643494,1595110,0.90,
Barcelona,12156,Colombia,2007,-14.44256757,1595110,0.76,
Barcelona,13593,Pakistán,2007,-7.637426106,1595110,0.85,
Barcelona,11403,China,2007,-7.988380537,1595110,0.71,
Barcelona,6357,Filipinas,2007,-4.735501274,1595110,0.40,
Barcelona,5780,Rumanía,2007,9.077184374,1595110,0.36,
Barcelona,1359942,España,2006,,1605602,84.70,
Barcelona,16061,Italia,2006,,1605602,1.00,
Barcelona,9809,francia,2006,,1605602,0.61,
Barcelona,5049,Reino Unido,2006,,1605602,0.31,
Barcelona,15640,Marruecos,2006,,1605602,0.97,
Barcelona,14408,Bolivia,2006,,1605602,0.90,
Barcelona,29527,Ecuador,2006,,1605602,1.84,
Barcelona,15708,Perú,2006,,1605602,0.98,
Barcelona,14208,Colombia,2006,,1605602,0.88,
Barcelona,14717,Pakistán,2006,,1605602,0.92,
Barcelona,12393,China,2006,,1605602,0.77,
Barcelona,6673,Filipinas,2006,,1605602,0.42,
Barcelona,5299,Rumanía,2006,,1605602,0.33,
